name,address,drug
1번약국,서울특별시 구로구 구로동로 132 (구로동),비판텐
21C세계로약국,서울특별시 강서구 화곡로 173 1층 (화곡동),비판텐
2층바른약국,"서울특별시 중구 다산로11길 3 2층 (신당동, 약수JK빌딩)",비판텐
365그린약국,"서울특별시 강서구 강서로 43 B104호 (화곡동, 도양라비앙타워)",비판텐
365미소약국,"서울특별시 은평구 진관3로 11 ,101동 111호(진관동,은평뉴타운 힐데스하임)",비판텐
365약국,서울특별시 성북구 동소문로 321 1층 (길음동),비판텐
365열린약국,서울특별시 관악구 남부순환로 1615 (신림동),비판텐
365열린약국,"서울특별시 구로구 남부순환로97길 3 105호 (개봉동, KS프리미어빌딩)",비판텐
365행복약국,"서울특별시 노원구 한글비석로 57 지하1층 (하계동, 세이브존)",비판텐
3층한사랑약국,"서울특별시 서초구 반포대로 287 311호 (반포동, 래미안퍼스티지중심상가)",비판텐
5층사랑약국,서울특별시 중구 서소문로 103 배재빌딩 511호 (서소문동),비판텐
8번가위드팜약국,서울특별시 서대문구 성산로 515 1층 (대신동),비판텐
W스토어 참좋은약국,"서울특별시 성북구 동소문로 34 1층 (동소문동3가, 연진빌딩)",비판텐
i튼튼약국,서울특별시 노원구 동일로 1059 (공릉동),비판텐
the사랑약국,서울특별시 노원구 한글비석로 331 중계주공3단지아파트단지내상가 101호 (중계동),비판텐
가까운사랑약국,"서울특별시 강동구 양재대로 1576 (명일동, 삼익빌딩)",비판텐
가까운새서울약국,서울특별시 송파구 토성로 18 (풍납동) 가까운새서울약국,비판텐
가까운신촌약국,서울특별시 서대문구 연세로 40 (창천동),비판텐
가까운약국,"서울특별시 관악구 양녕로 46 112호 (봉천동, 메카플러스)",비판텐
가까운약국,"서울특별시 동대문구 천호대로 313 10호, 11호 (답십리동, 태영빌딩)",비판텐
가까운약국,서울특별시 서대문구 모래내로 364 (홍은동),비판텐
가까운온누리약국,"서울특별시 양천구 목동서로 349 106호 (신정동, 센트럴프라자빌딩)",비판텐
가까운이화약국,서울특별시 송파구 강동대로 74 1층 108호 지층 8103호 (잠실올림픽아이파크상가),비판텐
가까운정문약국,서울특별시 중랑구 신내로16길 17 101호 (신내동),비판텐
가까운행복약국,서울특별시 성북구 인촌로13길 8 1층 (안암동2가),비판텐
가든건강약국,서울특별시 송파구 충민로 52 가든파이브웍스 S동 307호 (문정동),비판텐
가락약국,서울특별시 송파구 송파대로 286 (가락동),비판텐
가람약국,"서울특별시 양천구 공항대로 564 ,1층 5호",비판텐
가로수길약국,서울특별시 강남구 압구정로 108 1층 7호 (신사동),비판텐
가산약국,서울특별시 금천구 가산로 116 (가산동),비판텐
가양마트약국,"서울특별시 강서구 양천로 559 2층 (가양동, 이마트)",비판텐
가양온누리약국,서울특별시 강서구 허준로 198 104호 (가양동),비판텐
가장큰이대약국,서울특별시 강서구 공항대로 247,비판텐
가장큰태평양약국,서울특별시 용산구 대사관로 52 1층 (한남동),비판텐
가장큰현대아산약국,서울특별시 송파구 강동대로 67 (풍납동),비판텐
가정약국,서울특별시 용산구 청파로 333 (청파동1가),비판텐
가족건강약국,"서울특별시 동작구 등용로 115 101호 (대방동, 엘리시아빌딩)",비판텐
가족건강약국,"서울특별시 동작구 등용로 115 (대방동, 엘리시아빌딩) 1층 101호",비판텐
가좌진약국,서울특별시 서대문구 모래내로 137 1층 (남가좌동),비판텐
감초당약국,서울특별시 송파구 백제고분로41길 11,비판텐
감초당온누리약국,서울특별시 동대문구 한천로 242 1층 (전농동),비판텐
강남리더스약국,서울특별시 강남구 헌릉로 569 1층 105호 (세곡동),비판텐
강남메디칼약국,"서울특별시 서초구 방배로 174 1층 (방배동, 태창빌딩)",비판텐
강남백세약국,서울특별시 강남구 도곡로 448 1층 일부호 (대치동),비판텐
강남봄약국,"서울특별시 강남구 테헤란로4길 46 140호 (역삼동, 쌍용플래티넘밸류)",비판텐
강남세계로약국,서울특별시 강남구 논현로 52 1층 (개포동),비판텐
강남약국,서울특별시 강동구 양재대로 1355 (성내동),비판텐
강남역스타약국,"서울특별시 강남구 테헤란로4길 6 , 지하1층 B106호 (역삼동, 강남역센트럴애비뉴)",비판텐
강남웰약국,"서울특별시 강남구 강남대로 432 (역삼동, 지하 1101호)",비판텐
강남제일약국,서울특별시 강남구 테헤란로 139 (역삼동),비판텐
강남조은약국,"서울특별시 강남구 남부순환로 2633 102호 (도곡동, 호림빌딩)",비판텐
강남프라자약국,서울특별시 강남구 학동로 323 (논현동),비판텐
강남허브약국,"서울특별시 강남구 학동로 342 109호 (논현동, SK허브빌딩)",비판텐
강동태평양약국,서울특별시 강동구 양재대로 1343 (성내동),비판텐
강북메디칼약국,서울특별시 강북구 도봉로 190 (미아동),비판텐
강서연세약국,"서울특별시 강서구 화곡로 346 103호 (화곡동, 귀뚜라미홈시스텔)",비판텐
강서자이온누리약국,"서울특별시 강서구 양천로 401 109-2호 (가양동, 강서한강자이타워A동)",비판텐
강서홈약국,서울특별시 강서구 화곡로 398 홈플러스 강서점 1층,비판텐
강원약국,서울특별시 성북구 아리랑로 117-7 (정릉동),비판텐
강일약국,"서울특별시 강동구 아리수로97길 19 상가동 201호 (강일동, 강일리버파크)",비판텐
개나리봄약국,"서울특별시 강남구 역삼로 310 , 2층 26호 (역삼동, 한솔필리아)",비판텐
개롱약국,"서울특별시 송파구 오금로 396 (가락동, 에스케이허브파크)1층 114호",비판텐
개성약국,"서울특별시 구로구 경인로 176 308호 (오류동, 시티월드)",비판텐
개포플러스약국,서울특별시 강남구 선릉로 30 개포빌딩 1층,비판텐
개화약국,"서울특별시 강서구 양천로 31 1층 (방화동, 푸른빌딩)",비판텐
갤러리아온누리약국,서울특별시 강남구 선릉로 843 107호 (신사동),비판텐
갤러리약국,서울특별시 강남구 학동로20길 55 106호 (논현동),비판텐
건강과행복이열리는약국,"서울특별시 노원구 한글비석로 242 113호, 114호 (중계동, 삼부프라자)",비판텐
건강과행복이열리는약국,서울특별시 서초구 서초대로 307 (서초동),비판텐
건강과행복이열리는중앙메디칼약국,서울특별시 동작구 흑석로 106-5 1층 (흑석동),비판텐
건강드림약국,서울특별시 영등포구 영중로 70 (영등포동5가),비판텐
건강약국,서울특별시 송파구 백제고분로 162 (잠실동),비판텐
건강온누리약국,"서울특별시 강남구 삼성로 212 B동 1층 195호 (대치동, 은마아파트)",비판텐
건강온누리약국,서울특별시 구로구 고척로21나길 18 (개봉동),비판텐
건강온누리약국,서울특별시 동작구 상도로 202 (상도동),비판텐
건강온누리약국,서울특별시 영등포구 신풍로 113 (신길동),비판텐
건강제일온누리약국,서울특별시 중랑구 동일로 786 1층 (중화동),비판텐
건강플러스약국,"서울특별시 금천구 시흥대로 391 3층 (독산동, 홈플러스금천점)",비판텐
건강한세상대한약국,"서울특별시 영등포구 국제금융로 108 (여의도동,은하빌딩 1층)",비판텐
건강한세상행복한약국,"서울특별시 강남구 강남대로 488 1층 (논현동, 대남빌딩)",비판텐
건강한약국,서울특별시 성동구 왕십리로 320-1 1층,비판텐
건강한약국,서울특별시 성북구 동소문로42길 14 1층 (하월곡동),비판텐
건강한온누리약국,"서울특별시 강남구 압구정로34길 11 (신사동, 압구정스퀘어) 105호",비판텐
건강한온누리약국,서울특별시 강서구 가로공원로82길 41-8 1층 (화곡동),비판텐
건강한우리약국,서울특별시 양천구 지양로 22 (신월동),비판텐
건대가온약국,"서울특별시 광진구 광나루로 410 105호 (화양동, KCC파크타운)",비판텐
건대역약국,서울특별시 광진구 아차산로 218 (자양동),비판텐
건대온누리약국,"서울특별시 광진구 능동로 110 (화양동)스타시티몰 영존 지하2층 B203-1,B204",비판텐
건대지하철약국,"서울특별시 광진구 능동로 110 (화양동, 7호선 건대입구역)",비판텐
건명약국,서울특별시 중랑구 면목로 421 (면목동),비판텐
경남약국,서울특별시 양천구 목동서로 38 (목동),비판텐
경성약국,서울특별시 관악구 남부순환로161길 70 (신림동),비판텐
경애약국,서울특별시 동대문구 사가정로25길 18 (장안동),비판텐
경인약국,서울특별시 송파구 가락로42길 9 (방이동),비판텐
경인약국,서울특별시 용산구 새창로14길 50 (용문동),비판텐
경일약국,서울특별시 금천구 시흥대로72길 32 (시흥동),비판텐
경하프라자약국,서울특별시 은평구 서오릉로 157 (구산동),비판텐
경희고황약국,서울특별시 동대문구 경희대로 17 1층 (회기동),비판텐
경희궁햇살약국,"서울특별시 종로구 송월길 99 203동 2218호 (홍파동, 경희궁자이)",비판텐
경희메디칼온누리약국,서울특별시 강동구 동남로 889 (명일동) 1층 103호,비판텐
경희온누리약국,서울특별시 동대문구 경희대로1가길 32 (회기동),비판텐
계산온누리약국,서울특별시 성북구 동소문로20길 43 (동선동1가),비판텐
고려약국,서울특별시 노원구 동일로 1382 (상계동),비판텐
고명약국,"서울특별시 서초구 바우뫼로 23 101,102호 (우면동, 선일상가)",비판텐
고연뿌리약국,"서울특별시 서초구 신반포로 188 지하1층 (반포동, 강남고속터미널역)",비판텐
고운마음약국,"서울특별시 강서구 양천로 500 1층 112호 (등촌동, 노블리움오피스텔)",비판텐
고운약국,"서울특별시 송파구 송이로32길 37 201동 1층 상가04호 (문정동, 문정프르지오아파트)",비판텐
고은온누리약국,서울특별시 강동구 천호대로 1153 (길동),비판텐
고은온누리약국,서울특별시 동작구 여의대방로36길 1 (대방동),비판텐
공생약국,서울특별시 종로구 종로 228 1층 (종로5가),비판텐
공항시장샘온누리약국,"서울특별시 강서구 방화동로 37 (방화동, 메디스타워) 1층 102호",비판텐
관악소망약국,서울특별시 관악구 남부순환로 1838 2층 (봉천동),비판텐
관악수약국,"서울특별시 관악구 호암로 600 1층 (신림동, 하나빌딩)",비판텐
관악이화약국,서울특별시 관악구 봉천로 281 1층 (봉천동),비판텐
광교약국,서울특별시 종로구 청계천로 49 (관철동),비판텐
광장약국,서울특별시 종로구 창경궁로13길 1 1층 (예지동),비판텐
광제사약국,서울특별시 광진구 면목로 130 (중곡동),비판텐
광진약국,서울특별시 중구 다산로27길 6-14 (신당동),비판텐
광진온누리약국,"서울특별시 광진구 아차산로69길 8 103, 104호 (광장동)",비판텐
광진프라자약국,서울특별시 광진구 면목로 117 (중곡동),비판텐
광희약국,서울특별시 중구 퇴계로 322 (광희동2가),비판텐
교보약국,서울특별시 관악구 남부순환로 1827 1층 (봉천동),비판텐
구로시장약국,서울특별시 구로구 구로동로26길 37 (구로동),비판텐
구민약국,서울특별시 영등포구 당산로 142-1 (당산동3가),비판텐
구심당약국,"서울특별시 마포구 월드컵로25길 58 , 건물코너 (망원동)",비판텐
구온누리약국,"서울특별시 용산구 만리재로 134 1층 (서계동, 힐타워빌딩)",비판텐
구원약국,"서울특별시 마포구 큰우물로 49 1층 101호 (염리동, 엘지상가)",비판텐
구일중앙약국,"서울특별시 구로구 구일로 110 305호 (구로동, 해원리버파크)",비판텐
국기원약국,"서울특별시 강남구 테헤란로 119 2층 (역삼동, 대호빌딩)",비판텐
국제약국,"서울특별시 동대문구 답십리로 252 1층 (장안동, 세현빌딩)",비판텐
국제약국,"서울특별시 중랑구 봉화산로 194 1층 104호 (신내동, 신아타운)",비판텐
국풍당약국,"서울특별시 강남구 선릉로 654 1층 (삼성동, 예인빌딩)",비판텐
국화약국,"서울특별시 종로구 평창11길 3 1층 (평창동, 쇼핑센타뉴본)",비판텐
군자백화점약국,서울특별시 광진구 천호대로 574 (능동),비판텐
군자세계로약국,서울특별시 광진구 천호대로 548 (군자동),비판텐
군자한마음약국,"서울특별시 광진구 천호대로 557 , 1층 102호",비판텐
굿모닝약국,"서울특별시 마포구 월드컵북로 361 102호 (상암동, 디엠씨이안 상암2단지)",비판텐
굿모닝약국,"서울특별시 서초구 신반포로 176 125호 (반포동, 센트럴시티)",비판텐
굿모닝약국,"서울특별시 송파구 오금로 420 , 1층 (가락동, 한라산업개발빌딩)",비판텐
굿모닝약국,서울특별시 종로구 경교장길 35 3137호 (경희궁자이 3단지),비판텐
굿모닝이화약국,서울특별시 강서구 공항대로 383 1층 4호 (등촌동),비판텐
굿약국,"서울특별시 서초구 서초대로77길 24 103호 (서초동, 강남 지웰타워2)",비판텐
굿케어약국,서울특별시 강남구 선릉로 719 1층 일부호 (논현동),비판텐
그랜드약국,서울특별시 송파구 마천로 35 1층 (방이동),비판텐
그랜드약국,서울특별시 중랑구 사가정로 399 1층,비판텐
그린약국,서울특별시 양천구 남부순환로 654 (신정동),비판텐
금강약국,"서울특별시 강남구 압구정로 151 1-7호 (압구정동, 현대아파트9차상가)",비판텐
금강온누리약국,서울특별시 영등포구 영중로 8 (영등포동),비판텐
금보약국,"서울특별시 용산구 원효로 51 110호 (산천동, 삼성테마트상가)",비판텐
금비약국,서울특별시 강서구 양천로69길 11 1층 금비약국,비판텐
금빛약국,서울특별시 도봉구 덕릉로 238 1층 (창동),비판텐
금성약국,"서울특별시 광진구 자양로 112 111호,112호,113호 (구의동)",비판텐
금와약국,서울특별시 광진구 뚝섬로 585 (자양동),비판텐
금호프라자약국,서울특별시 성동구 독서당로 302 1층 (금호동4가),비판텐
금화온누리약국,"서울특별시 서초구 반포대로 287 125호 (반포동, 래미안퍼스티지중심상가)",비판텐
기린약국,서울특별시 서대문구 통일로 468 1층 (홍제동),비판텐
기린약국,"서울특별시 은평구 서오릉로 79, 1층 (역촌동)",비판텐
기림약국,서울특별시 영등포구 대림로34길 29 (대림동),비판텐
기분좋은약국,"서울특별시 관악구 은천로 110 1층 (봉천동, 더블유에스타워)",비판텐
기쁨약국,"서울특별시 마포구 월드컵로 82 1층 (서교동, 소단빌딩)",비판텐
길동수약국,서울특별시 강동구 천호대로 1123 (길동),비판텐
길음메디칼약국,서울특별시 성북구 길음로 2 1층 (길음동),비판텐
길음시장약국,"서울특별시 성북구 길음로9길 50 ,상가동 지1층 101호",비판텐
김&장나라약국,서울특별시 광진구 능동로 110 (화양동),비판텐
김약국,서울특별시 관악구 남부순환로 1601-1 1층 (신림동),비판텐
김약국,서울특별시 양천구 지양로 75 (신월동),비판텐
김포약국,서울특별시 강서구 방화동로 70 (방화동),비판텐
김해약국,서울특별시 종로구 종로 206 (종로5가),비판텐
까치프라자약국,"서울특별시 강서구 강서로 52 104,105호 (화곡동, 화곡판타지아빌딩)",비판텐
나나약국,서울특별시 동대문구 장한로18길 59 (장안동),비판텐
나눔약국,서울특별시 영등포구 여의대방로53길 23 (신길동),비판텐
나래약국,"서울특별시 영등포구 도림로 192 (대림동, 동성빌딩)",비판텐
나무약국,서울특별시 강서구 강서로45길 174 수명산씨티 3층 (내발산동),비판텐
나무약국,"서울특별시 마포구 백범로 202 101호 (신공덕동, 마포KCC웰츠타워)",비판텐
나무약국,"서울특별시 성동구 금호로 94 201호(금호동 1가, 금호오피스텔 제2층)",비판텐
나진약국,"서울특별시 도봉구 방학로 223 101호 (방학동, 사천목씨종친회관)",비판텐
낙성대약국,"서울특별시 관악구 남부순환로 1938 1층 (봉천동, 성은빌딩)",비판텐
난곡비타민약국,서울특별시 관악구 난곡로 231 (신림동) 102호,비판텐
남대문약국,서울특별시 은평구 통일로87길 19 1층 (갈현동),비판텐
남매약국,서울특별시 송파구 오금로64길 4 (거여동),비판텐
남문프라자약국,서울특별시 금천구 시흥대로 436 (독산동),비판텐
남부시장약국,서울특별시 강서구 등촌로5길 80 (화곡동),비판텐
남산우리약국,"서울특별시 중구 소공로 35 102호(회현동1가,남산롯데캐슬아이리스1층상가)",비판텐
남시약국,서울특별시 중구 남대문로 18 (남대문로3가),비판텐
노들약국,서울특별시 동작구 노량진로 166 1층,비판텐
노바약국,서울특별시 강남구 강남대로118길 51 1층 (논현동),비판텐
노벨온누리약국,"서울특별시 은평구 연서로 1 105호 (역촌동, 리더스파크)",비판텐
노원약국,"서울특별시 노원구 노해로 501 1층 103호 (상계동, 노원빌딩)",비판텐
녹번건강약국,서울특별시 은평구 통일로 630-1 상가 B101-1호,비판텐
녹색건강약국,서울특별시 중랑구 면목로55길 25 (면목동),비판텐
녹수프라자약국,서울특별시 금천구 독산로 213 (독산동),비판텐
녹십자약국,"서울특별시 강북구 도봉로 255 1층 (수유동, 나라빌딩)",비판텐
녹십자약국,서울특별시 금천구 시흥대로 96 (시흥동),비판텐
녹십자약국,서울특별시 도봉구 우이천로4길 32 1층 (창동),비판텐
녹십자약국,서울특별시 서초구 방배로25길 4 1층 (방배동),비판텐
녹십자약국,서울특별시 송파구 올림픽로 130 (잠실동),비판텐
녹십자약국,서울특별시 영등포구 대림로 157 (대림동),비판텐
녹원약국,서울특별시 송파구 백제고분로50길 26 1층 (방이동),비판텐
논현약국,서울특별시 강남구 선릉로129길 22 1층 (논현동),비판텐
논현필리아약국,서울특별시 강남구 선릉로 641 1층 일부호 (논현동),비판텐
누가약국,서울특별시 영등포구 디지털로 367 1층 (대림동),비판텐
누리약국,"서울특별시 광진구 자양로15길 18 1층 (자양동, 혜성빌딩)",비판텐
뉴그랜드약국,서울특별시 영등포구 대림로 212 (대림동),비판텐
뉴석계프라자약국,서울특별시 노원구 석계로 2 (월계동),비판텐
뉴시티약국,서울특별시 송파구 석촌호수로 160 102호 (삼전동),비판텐
뉴타운메디컬약국,"서울특별시 은평구 진관3로 70 821동 상가 115호 (진관동, 은평뉴타운상림마을)",비판텐
뉴타운약국,"서울특별시 강북구 삼양로27길 43 2층 201,202호 (미아동, 위브 테라스 파크)",비판텐
뉴프라임약국,서울특별시 송파구 송파대로 278 1층 (가락동),비판텐
뉴프라자약국,"서울특별시 동대문구 고산자로 399 104호,105호 (용두동, 동양프라자)",비판텐
늘봄약국,"서울특별시 강남구 논현로159길 17 ,101호",비판텐
늘온누리약국,"서울특별시 강동구 상일로12길 89 (강일동, 리엔타운) 101호",비판텐
늘조은온누리약국,"서울특별시 동대문구 사가정로25길 66, 1층 (장안동)",비판텐
늘조은온누리약국,서울특별시 송파구 동남로18길 45 1층 (가락동),비판텐
늘푸른건강약국,서울특별시 금천구 범안로 1183 (독산동),비판텐
늘푸른솔약국,서울특별시 중랑구 겸재로 178 (면목동),비판텐
늘푸른약국,"서울특별시 강동구 풍성로 214 102호 (성내동, 동양빌딩)",비판텐
늘푸른약국,서울특별시 구로구 구로중앙로12길 38 (구로동),비판텐
늘푸른약국,서울특별시 동대문구 전농로 148 1층 (전농동),비판텐
늘푸른약국,"서울특별시 성북구 돌곶이로 25 (석관동, 씨티홈)",비판텐
늘푸른온누리약국,"서울특별시 중랑구 면목로27길 80 80동 (면목동, 1층)",비판텐
늘푸른이화약국,서울특별시 영등포구 영신로32길 20 (영등포동4가),비판텐
늘푸른평강약국,서울특별시 강북구 한천로 1043 (수유동),비판텐
늘픔약국,서울특별시 관악구 남부순환로 1635 1층 (신림동),비판텐
늘픔약국,서울특별시 서초구 헌릉로8길 9-8 1층 108호 (내곡동),비판텐
다나스약국,서울특별시 영등포구 여의대방로 81-4 다나스약국,비판텐
다나아약국,서울특별시 강서구 방화대로7나길 29 (공항동),비판텐
다나약국,서울특별시 송파구 오금로31길 3 (방이동),비판텐
다나약국,서울특별시 영등포구 가마산로 439-1 (신길동),비판텐
다나약국,서울특별시 중구 동호로 171 (신당동),비판텐
다나을약국,서울특별시 성동구 장터1길 2 (금호동3가),비판텐
다드림약국,서울특별시 구로구 가마산로 211 101호 (구로동),비판텐
다모아약국,"서울특별시 노원구 동일로 1379 105,106호 (상계동)",비판텐
다보약국,서울특별시 서초구 서초대로40길 77 101호,비판텐
다사랑약국,서울특별시 송파구 올림픽로43길 26 (풍납동),비판텐
다산온누리약국,서울특별시 중구 다산로 133-1 (신당동),비판텐
다은온누리약국,"서울특별시 관악구 신림로 169 1층 (신림동, 영창빌딩)",비판텐
다정약국,"서울특별시 성북구 서경로 27 1층 (정릉동, 예닮빌딩)",비판텐
다정온누리약국,"서울특별시 노원구 공릉로34길 38 107호 (공릉동, 태강아파트상가)",비판텐
단골약국,"서울특별시 강북구 삼양로27길 35-21 ,1층,105호(미아동,미아프라자) 단골약국",비판텐
단비온누리약국,서울특별시 송파구 올림픽로 145 1층 A27호 (잠실동),비판텐
달구약국,"서울특별시 강남구 양재대로55길 6 113호 (일원동, 수서1단지상가)",비판텐
달약국,"서울특별시 강서구 마곡중앙6로 66 (마곡동, 퀸즈파크텐) 1층 112호 달약국",비판텐
답십리백화점약국,"서울특별시 동대문구 전농로 102 1층 (답십리동, 목련빌딩)",비판텐
당고개약국,서울특별시 노원구 상계로 309-1 (상계동),비판텐
당산스타약국,서울특별시 영등포구 양평로 22 1층 당산수타약국,비판텐
대건약국,"서울특별시 영등포구 양평로 99 (양평동4가,1층)",비판텐
대명약국,"서울특별시 관악구 신림로 158 1층 1호 (신림동, 영광빌딩)",비판텐
대명약국,서울특별시 영등포구 영신로19길 7 (영등포동),비판텐
대명약국,서울특별시 종로구 종로 256-1 대명빌딩,비판텐
대박약국,"서울특별시 종로구 종로 19 3층 327호 (종로1가, 르메이에르종로타운)",비판텐
대성모약국,"서울특별시 영등포구 시흥대로 655 , 1층일부",비판텐
대영약국,"서울특별시 서초구 잠원로14길 29 125호 (잠원동, 설악복지센타)",비판텐
대우당약국,서울특별시 동작구 상도로 102 (상도동),비판텐
대우사약국,서울특별시 중구 남대문로5길 17-5,비판텐
대우실로암약국,서울특별시 양천구 월정로50길 10 (신월동),비판텐
대우약국,서울특별시 구로구 천왕로 106 골드프라자 104호 (오류동),비판텐
대유약국,서울특별시 서대문구 모래내로 359,비판텐
대자연약국,서울특별시 강동구 구천면로 291 (천호동),비판텐
대중약국,서울특별시 성동구 왕십리로 379 (하왕십리동),비판텐
대지약국,서울특별시 강북구 삼양로 247 3층 (미아동),비판텐
대창약국,서울특별시 강북구 월계로 53 (미아동),비판텐
대청약국,"서울특별시 강남구 개포로 623 1층, 106호 (개포동, 대청타워)",비판텐
대치참약국,서울특별시 강남구 남부순환로 2927 대치 클래시아 205호 (대치동),비판텐
대치필리아약국,"서울특별시 강남구 도곡로63길 12, 신농플라자 1층 104호 (대치동)",비판텐
대풍약국,"서울특별시 성동구 사근동길 6 (행당동, 한양제일빌딩)",비판텐
대학약국,"서울특별시 강동구 동남로 889 ,1층 102호(명일동)",비판텐
대학약국,서울특별시 구로구 구로동로 149-1 (구로동),비판텐
대학약국,서울특별시 서대문구 연세로11길 4 (창천동),비판텐
대학약국,서울특별시 성동구 사근동길 4 1층 (행당동),비판텐
대학약국,"서울특별시 송파구 강동대로 57 1, 2층 (풍납동)",비판텐
대학약국,서울특별시 용산구 대사관로 58 (한남동) 1층,비판텐
대학약국,"서울특별시 종로구 창경궁로 160 1,2층 (원남동)",비판텐
대한약국,"서울특별시 종로구 대학로5길 57, 1층 (연건동) 대학약국",비판텐
대한약국,서울특별시 중랑구 신내로16길 17 105호 (신내동),비판텐
대현온누리약국,서울특별시 강서구 양천로 556 강서메디칼센터 105호,비판텐
대호약국,서울특별시 노원구 한글비석로 384 317호,비판텐
대흥365약국,서울특별시 마포구 백범로 98 1층(대흥동),비판텐
더블유수약국,서울특별시 강남구 압구정로 316 1층 (신사동),비판텐
더블유스토어아름다운약국,서울특별시 영등포구 영중로 6 (영등포동3가),비판텐
더블유스토어푸른약국,"서울특별시 구로구 도림로 73 , 103호 (구로동, 인성빌딩)",비판텐
더사랑약국,서울특별시 성북구 아리랑로 16 1층 104호 (동선동4가),비판텐
더샵스타시티약국,"서울특별시 광진구 아차산로 272 (자양동, 스타시티쇼핑몰)",비판텐
더튼튼약국,서울특별시 도봉구 노해로65길 10 101호 더튼튼약국,비판텐
더함약국,"서울특별시 송파구 올림픽로 145 , 4층 4B01호 (잠실동, 리센트)",비판텐
더행복약국,"서울특별시 은평구 은평로 200-1 가동 1층 (응암동, 삼영빌딩)",비판텐
덕성온누리약국,"서울특별시 성북구 아리랑로 89 102호 (돈암동, 일신건영휴먼빌 상가 )",비판텐
도곡메디칼약국,"서울특별시 강남구 도곡로 242 (도곡동, 도곡삼호상가 지하1층 103호 1층 201호)",비판텐
도곡우리약국,"서울특별시 강남구 선릉로 225 214호 (도곡동, 도곡렉슬아파트)",비판텐
도담약국,"서울특별시 성동구 왕십리로 410 상가L동 222호 (하왕십리동, 센트라스)",비판텐
도담약국,서울특별시 성북구 동소문로 305 지층 (길음동),비판텐
도림우리들약국,서울특별시 영등포구 도신로15길 40 (도림동),비판텐
도심공항약국,서울특별시 강남구 테헤란로87길 22 2층 D-1호 (삼성동),비판텐
도영약국,서울특별시 송파구 오금로 507 거역빌딩1층 103호,비판텐
독수리약국,"서울특별시 서대문구 연세로 36 1층 (창천동,독수리빌딩)",비판텐
독수리약국,"서울특별시 송파구 중대로 135 (가락동, IT벤처타워 동관 101호)",비판텐
독일약국,"서울특별시 구로구 오리로 1297 (궁동, 청파빌딩)",비판텐
독일약국,서울특별시 마포구 도화4길 19 1층 (도화동),비판텐
독일약국,서울특별시 종로구 종로 314 (창신동),비판텐
동경약국,서울특별시 마포구 신촌로16길 4 1층 101호 (노고산동),비판텐
동국약국,서울특별시 중구 서애로1길 16 (필동3가),비판텐
동명온누리약국,"서울특별시 강남구 선릉로64길 5 (대치동, 라이온스빌딩)",비판텐
동문약국,서울특별시 노원구 공릉로59나길 78-10 (하계동),비판텐
동보당약국,서울특별시 관악구 관악로 236 (봉천동),비판텐
동부약국,서울특별시 용산구 이촌로 245 (이촌동),비판텐
동산약국,"서울특별시 노원구 동일로 1280 1층 109호,110호 (중계동, 무지개아파트단지내상가)",비판텐
동서약국,서울특별시 종로구 종로 222 (종로5가),비판텐
동서온누리약국,서울특별시 강동구 풍성로37가길 39 101호 (성내동),비판텐
동서옵티마약국,서울특별시 성북구 동소문로 304 (하월곡동),비판텐
동성약국,"서울특별시 강남구 삼성로 212 180호 (대치동, 은마상가에이블럭)",비판텐
동시약국,"서울특별시 종로구 종로 202-1 (종로4가, 동흥빌딩)",비판텐
동아약국,서울특별시 금천구 시흥대로 371 (독산동),비판텐
동아약국,서울특별시 용산구 회나무로 16 (이태원동),비판텐
동아약국,서울특별시 종로구 종로 192 (종로4가),비판텐
동양약국,서울특별시 강남구 자곡로 180 109-2호,비판텐
동오약국,서울특별시 용산구 보광로 18 (보광동),비판텐
동의당약국,서울특별시 동작구 여의대방로10길 38 (신대방동),비판텐
동의삼성약국,서울특별시 송파구 거마로22길 49 (마천동),비판텐
동인프라자약국,서울특별시 양천구 남부순환로40길 13 (신월동),비판텐
동인프라자온누리약국,"서울특별시 강남구 밤고개로1길 10 117-2호 (수서동, 수서현대벤쳐빌)",비판텐
동일프라자약국,"서울특별시 양천구 신정로7길 60-5 107호 (신정동, 동일프라자빌딩)",비판텐
동해물약국,서울특별시 구로구 구로동로 138 (구로동),비판텐
동현약국,서울특별시 강동구 양재대로127길 19 (천호동),비판텐
동현약국,서울특별시 서대문구 영천시장길 16 (영천동),비판텐
두리약국,서울특별시 강남구 일원로 35 1층 (일원동),비판텐
두리약국,서울특별시 노원구 상계로35길 2 (상계동),비판텐
두리약국,서울특별시 송파구 송이로31길 36 1층 (문정동),비판텐
드림약국,"서울특별시 노원구 동일로 1677 1층 (상계동, 제성빌딩)",비판텐
드림약국,서울특별시 동대문구 천호대로 8 1층 (신설동),비판텐
드림약국,"서울특별시 영등포구 영중로 15 122호 (영등포동4가,타임스퀘어지하1층)",비판텐
드림온누리약국,"서울특별시 도봉구 마들로 551 상가동 1층 120호 (창동, 쌍용아파트)",비판텐
디큐브약국,"서울특별시 구로구 경인로 662 (신도림동, 디큐브시티 타워동 지하1층)",비판텐
뚝도약국,"서울특별시 광진구 뚝섬로 595, 1층 (자양동)",비판텐
뚝섬스타약국,서울특별시 성동구 아차산로 42 지하1층 (성수동1가),비판텐
라온365온누리약국,"서울특별시 강서구 화곡로 166, 1층 (화곡동) 라온365온누리약국",비판텐
라온약국,"서울특별시 강남구 강남대로 318 1층 (역삼동, TOWER837)",비판텐
라임약국,"서울특별시 강서구 강서로13길 3 (화곡동, 동진빌딩)",비판텐
라임약국,"서울특별시 광진구 아차산로 375 ,107호(구의동,크레신타워3차)",비판텐
라임약국,"서울특별시 노원구 노해로 485 101호 (상계동, 금정빌딩)",비판텐
라파약국,서울특별시 동작구 상도로 348 1층,비판텐
래미안나나약국,"서울특별시 구로구 디지털로31길 86 (구로동, 삼성래미안아파트)",비판텐
래미안스타약국,"서울특별시 용산구 한강대로 95 지하2층 RB208호 (한강로2가, 래미안용산)",비판텐
래미안온누리약국,"서울특별시 영등포구 당산로 214 (당산동5가,삼성래미안4차아파트 상가 109-1)",비판텐
럭키약국,"서울특별시 영등포구 여의대로 128 (여의도동, LG트윈타워)",비판텐
레몬약국,"서울특별시 광진구 아차산로 478 4층 (구의동, 그레이스빌딩)",비판텐
레아약국,"서울특별시 금천구 가산디지털1로 131 117-1호 (가산동, BYC하이시티)",비판텐
레이첼약국,"서울특별시 강남구 강남대로 470, 5층 502호 (역삼동, 808타워)",비판텐
로뎀약국,서울특별시 관악구 난곡로 349 1층 102호 (신림동),비판텐
루비약국,서울특별시 강남구 논현로 823 (신사동) 루비약국,비판텐
르씨엘약국,"서울특별시 강남구 학동로 213 ,1층,101호(논현동, 씨엘타워)",비판텐
리더스약국,"서울특별시 금천구 벚꽃로 286 지하1층131호 (가산동, 리더스타워)",비판텐
리드팜힘찬약국,서울특별시 관악구 은천로 109 1층 (봉천동),비판텐
마곡메디칼약국,"서울특별시 강서구 마곡중앙5로 81 107, 108호 (마곡동, 에스비타운)",비판텐
마더스약국,서울특별시 관악구 난곡로 226 (신림동),비판텐
마들소망약국,"서울특별시 노원구 동일로 1530 105호 (상계동, 다모아빌딩)",비판텐
마음약국,서울특별시 영등포구 선유로 59 (문래동6가),비판텐
마장백화점약국,서울특별시 동대문구 고산자로 410 1층 (용두동),비판텐
마천푸른솔약국,서울특별시 송파구 거마로 60 1층 (마천동),비판텐
마트온누리약국,"서울특별시 양천구 오목로 299 지하101호 (목동, 목동트라팰리스 웨스턴에비뉴)",비판텐
마포보건약국,서울특별시 마포구 월드컵로 204 이안상암 105호,비판텐
마포웰츠약국,"서울특별시 마포구 백범로 202 201호 (신공덕동, 마포KCC웰츠타워)",비판텐
만남온누리약국,서울특별시 강북구 삼양로 675 (우이동),비판텐
맑은샘약국,서울특별시 동작구 장승배기로 110 (노량진동),비판텐
맑은샘약국,"서울특별시 송파구 동남로 236 2층(가락동, 영빌딩)",비판텐
맑은약국,"서울특별시 영등포구 당산로 42 (문래동3가,삼성홈플러스빌딩 지하1층)",비판텐
맑은온누리약국,"서울특별시 송파구 새말로 125 (문정동, 어은회관) 107호",비판텐
맑은하늘약국,"서울특별시 강남구 개포로 265 (개포동, 메디시스빌딩) 101호 맑은하늘약국",비판텐
맘스케어약국,"서울특별시 마포구 마포대로 201 (아현동, 마포트라팰리스2차)",비판텐
맘온누리약국,"서울특별시 강서구 공항대로 168 117호118호(마곡동, 마곡747)",비판텐
맘이편한약국,서울특별시 관악구 신림로 357 1층 (신림동),비판텐
망원동약국,서울특별시 마포구 망원로 69 1층 (망원동),비판텐
망원온누리약국,"서울특별시 마포구 월드컵로 79 1층 (망원동, 유용빌딩)",비판텐
매일여는약국,서울특별시 마포구 월드컵북로 396 누리꿈스퀘어 B1094호 (상암동),비판텐
맨하탄길약국,서울특별시 영등포구 국제금융로6길 33 1층 127호 (여의도동),비판텐
메디슨약국,"서울특별시 도봉구 해등로 255 , 102호",비판텐
메디슨약국,"서울특별시 송파구 송이로 111 (가락동, 청석빌딩 1층)",비판텐
메디신약국,"서울특별시 구로구 목동남로 32 (고척동, 보광빌딩)",비판텐
메디칼서울약국,서울특별시 종로구 대학로9길 6 (명륜4가),비판텐
메디칼약국,서울특별시 성북구 아리랑로 3 (동소문동6가),비판텐
메디칼하나약국,서울특별시 중구 다산로 134 (신당동),비판텐
메디컬성모약국,"서울특별시 마포구 월드컵로 73 ,1층(망원동)",비판텐
메디컬수약국,서울특별시 영등포구 영등포로 81-1 양평동1가,비판텐
메디컬제일약국,"서울특별시 서초구 방배로 225 1층 (방배동, 성은빌딩)",비판텐
메디파워약국,"서울특별시 광진구 뚝섬로 552 (자양동, 삼희빌딩)",비판텐
메디팜 보건약국,서울특별시 서대문구 통일로 435 (홍제동),비판텐
메디팜21세기약국,서울특별시 강서구 화곡로 164 (화곡동),비판텐
메디팜건강약국,서울특별시 도봉구 도봉로 487 1층 (쌍문동),비판텐
메디팜나리약국,"서울특별시 서초구 서운로 207 1층 106호 (서초동, 삼호종합상가)",비판텐
메디팜나은약국,"서울특별시 용산구 한강대로 211 110호 (한강로1가, 대우월드마크용산)",비판텐
메디팜늘봄약국,서울특별시 중구 다산로 223 (신당동),비판텐
메디팜대림약국,"서울특별시 성동구 행당로 87 331호 (행당동, 대림리빙프라자)",비판텐
메디팜대신M약국,서울특별시 송파구 송이로 87 1층 (가락동),비판텐
메디팜대안약국,서울특별시 금천구 시흥대로 352 (독산동),비판텐
메디팜대야약국,서울특별시 강서구 강서로 56 (화곡동),비판텐
메디팜더미소약국,서울특별시 송파구 충민로2길 24 리더스프라자 104호 (장지동),비판텐
메디팜동진약국,서울특별시 구로구 도림로 75 1층 (구로동),비판텐
메디팜무지개약국,서울특별시 강남구 논현로159길 10 1층 일부호 (신사동),비판텐
메디팜미래로약국,서울특별시 용산구 청파로47길 40 (청파동2가),비판텐
메디팜믿음약국,서울특별시 성북구 돌곶이로 45 (석관동),비판텐
메디팜백약국,서울특별시 성북구 오패산로 57 1층 (하월곡동),비판텐
메디팜보문약국,"서울특별시 강남구 삼성로 38 1층 113호 (개포동, 개포빌딩)",비판텐
메디팜보배약국,서울특별시 성동구 아차산로7길 19 (성수동2가),비판텐
메디팜샛별약국,"서울특별시 노원구 동일로 1547 (상계동, 동남빌딩) 1층 102호",비판텐
메디팜석촌약국,"서울특별시 송파구 삼학사로 81 1층 (삼전동, 서울빌딩)",비판텐
메디팜압구정약국,서울특별시 강남구 논현로160길 13 1층 101호 (신사동),비판텐
메디팜정다운약국,"서울특별시 강서구 마곡중앙5로 87 107호 (마곡동, 우성르보아투)",비판텐
메디팜정연약국,"서울특별시 강남구 강남대로 256 103호 (도곡동, 대우양재디오빌)",비판텐
메디팜큰사랑약국,서울특별시 도봉구 도봉로 488 (창동),비판텐
메디팜푸른약국,서울특별시 강서구 강서로 293-1 (내발산동),비판텐
메디팜푸른약국,서울특별시 성동구 무학로 33 104호 (하왕십리동),비판텐
메디팜푸른약국,서울특별시 송파구 동남로 189 (가락동),비판텐
메디팜하나약국,서울특별시 송파구 송파대로 365 (석촌동),비판텐
메타팜약국,"서울특별시 강남구 남부순환로 2941 101호 (대치동, 대치탑프라자)",비판텐
메트로약국,"서울특별시 강남구 언주로30길 13 B동 102호 (도곡동, 대림아크로빌)",비판텐
면목그랜드약국,"서울특별시 중랑구 사가정로 404-6 제지층, 제1층",비판텐
명동온누리약국,"서울특별시 성동구 고산자로 164 107호 (행당동, 행당한신아파트)",비판텐
명동하이약국,"서울특별시 중구 명동9길 23 1층 (을지로2가, 한양빌딩)",비판텐
명문약국,서울특별시 서대문구 연희로36길 10 (연희동) 1층,비판텐
명문온누리약국,서울특별시 동대문구 사가정로 225 1층 (장안동),비판텐
명생약국,서울특별시 송파구 백제고분로41길 31 1층 명생약국,비판텐
명성그린약국,"서울특별시 강동구 구천면로 424 115호 (명일동, 명일메카타운)",비판텐
명성약국,서울특별시 광진구 광나루로 538 (구의동),비판텐
명소약국,"서울특별시 성북구 돌곶이로 28, 1층 (석관동)",비판텐
명수대약국,서울특별시 동작구 서달로 151 (흑석동),비판텐
명옥약국,서울특별시 강남구 압구정로 212 (신사동),비판텐
명일마트종로약국,"서울특별시 강동구 고덕로 276 (명일동, 신세계이마트명일점) 지하1층",비판텐
명진당약국,서울특별시 용산구 청파로 395 (서계동),비판텐
모드니온누리약국,서울특별시 중구 서소문로 116 지하1층 (서소문동),비판텐
모래내약국,서울특별시 서대문구 수색로 34 1층 (남가좌동),비판텐
모범약국,서울특별시 서대문구 증가로 129 (남가좌동),비판텐
모아약국,"서울특별시 서초구 성촌길 34 지하1층 (우면동, (주)삼성전자서울R&D캠퍼스)",비판텐
목동건강약국,서울특별시 양천구 목동로27길 6 1층 (신정동),비판텐
목동벧엘약국,서울특별시 양천구 목동동로 430 (목동),비판텐
목동세계로약국,"서울특별시 양천구 목동동로12길 45 (목동, 삼익아파트 상가)",비판텐
목동온누리약국,"서울특별시 양천구 목동동로 55 101,102호 (신정동, 밀레니엄프라자)",비판텐
목동정문약국,서울특별시 양천구 목동동로 435 (목동),비판텐
목화약국,서울특별시 강남구 양재대로55길 11 1층 (일원동),비판텐
목화약국,서울특별시 강서구 등촌로5길 5 (화곡동) 목화약국,비판텐
무궁화약국,서울특별시 노원구 한글비석로 77 1층 (하계동),비판텐
무궁화약국,서울특별시 중랑구 면목로 303 (면목동),비판텐
무지개약국,서울특별시 광진구 뚝섬로 498-1 (자양동),비판텐
무지개약국,서울특별시 양천구 등촌로 214 (목동),비판텐
무지개온누리약국,서울특별시 노원구 화랑로 325 (월계동),비판텐
문정약국,서울특별시 송파구 동남로4길 25 (문정동),비판텐
문정온누리약국,서울특별시 송파구 송파대로 167 문정역테라타워 지하1층 G132호 (문정동),비판텐
문정우리들약국,서울특별시 송파구 법원로 114 엠스테이트 C-218호 (문정동),비판텐
미래약국,서울특별시 성북구 인촌로 85 (안암동5가),비판텐
미래팜약국,서울특별시 금천구 독산로 290 (독산동),비판텐
미성송파약국,서울특별시 송파구 송파대로 374 (송파동),비판텐
미성온누리약국,"서울특별시 영등포구 도신로29길 28 (영등포동, 영등포푸르지오2단지아파트)",비판텐
미션약국,"서울특별시 노원구 동일로 1533 102호 (상계동, 백산빌딩)",비판텐
미소가득한약국,"서울특별시 마포구 월드컵북로 396 115호 (상암동, 누리꿈스퀘어)",비판텐
미소약국,서울특별시 강서구 양천로 73 108호 (방화동),비판텐
미소약국,서울특별시 노원구 상계로10길 12 1층 (상계동),비판텐
미소약국,서울특별시 성동구 왕십리로 271-1 1층 (행당동),비판텐
미아팜약국,서울특별시 강북구 도봉로 65 1층 (미아동),비판텐
미주약국,"서울특별시 강서구 방화대로48길 40 108호 (방화동, 도시개발공사)",비판텐
미즈약국,서울특별시 강서구 강서로47가길 12 미즈약국,비판텐
미즈정문약국,서울특별시 강서구 강서로 299 1층 (내발산동),비판텐
민트약국,"서울특별시 강남구 강남대로 590 1층 (논현동, 미혜빌딩)",비판텐
민트약국,"서울특별시 구로구 경인로 482 (구로동, 롯데마트구로점)",비판텐
믿음약국,"서울특별시 양천구 목동중앙북로7가길 61 103호 (목동, 리치스케어)",비판텐
바다약국,서울특별시 서대문구 통일로 205-1 1층 (영천동),비판텐
바다약국,서울특별시 영등포구 도신로 215-1 (신길동),비판텐
바로드림약국,"서울특별시 강동구 상일로12길 97 ,101호 (강일동)",비판텐
바로약국,서울특별시 종로구 종로 33 지하1층 137호 (청진동),비판텐
바른메디컬약국,"서울특별시 영등포구 여의대방로 145 1층 (신길동, 세인트빌딩)",비판텐
바른약국,서울특별시 강북구 노해로 95-1 1층 (수유동),비판텐
바른온누리약국,"서울특별시 서초구 방배로 108 (방배동, 휴먼빌딩2 제1층) 바른온누리약국",비판텐
바른온누리약국,"서울특별시 성북구 화랑로 76 112-1호 (하월곡동, 코업스타클래스)",비판텐
바우약국,서울특별시 강북구 삼양로 509 (수유동),비판텐
박애약국,서울특별시 금천구 시흥대로141길 66 (독산동),비판텐
반석온누리약국,"서울특별시 영등포구 영등포로 33 108호 (양평동2가,비즈타워)",비판텐
반포다정약국,서울특별시 서초구 반포대로 287 1동 1층 138호,비판텐
발산그랜드약국,서울특별시 강서구 강서로 380 (등촌동),비판텐
발산에이스약국,"서울특별시 강서구 강서로 360 1층 109호(내발산동, 솔레드림)",비판텐
밝은미소약국,서울특별시 관악구 양녕로 46 1층 107호,비판텐
밝은미소약국,서울특별시 동작구 사당로 215 108호 (사당동),비판텐
밝은약국,"서울특별시 노원구 동일로 1005 1층 (공릉동, 대정빌딩)",비판텐
밝은약국,"서울특별시 서초구 사평대로56길 7 1층 106호 (서초동, 서초한일유앤아이주상복합)",비판텐
밝은약국,서울특별시 중구 다산로 258 1층 102호 (흥인동),비판텐
밝은온누리약국,서울특별시 강남구 압구정로28길 48 1층 (신사동),비판텐
밝은온누리약국,서울특별시 중랑구 동일로 634 (면목동),비판텐
밝은중앙약국,서울특별시 송파구 강동대로 73 (풍납동),비판텐
방배대한약국,"서울특별시 서초구 동작대로 118 107호 (방배동, 방배예다인)",비판텐
방배세명약국,"서울특별시 서초구 동작대로 114 1층 (방배동, (재)원불교 유문빌딩)",비판텐
방배프라자약국,서울특별시 서초구 방배중앙로29길 3 1층 (방배동),비판텐
방약국,서울특별시 중랑구 면목로 260 1층 (면목동),비판텐
방이종로약국,서울특별시 송파구 마천로 29 (방이동),비판텐
방학세계로약국,서울특별시 도봉구 방학로 159 (방학동),비판텐
방학약국,서울특별시 도봉구 도봉로 729 (방학동),비판텐
방화프라자약국,서울특별시 강서구 양천로16길 16 (방화동),비판텐
백경약국,"서울특별시 노원구 동일로217가길 11 1층 (상계동, 대일빌딩)",비판텐
백경약국,서울특별시 용산구 원효로41길 38 (원효로3가),비판텐
백상약국,서울특별시 영등포구 국제금융로6길 30 백상빌딩 1층 103호 (여의도동),비판텐
백세비타민약국,"서울특별시 구로구 디지털로26길 98 101호 (구로동, 디지털탑프라자)",비판텐
백세약국,서울특별시 강동구 구천면로 328 (천호동),비판텐
백세약국,서울특별시 도봉구 도당로15길 12 (방학동),비판텐
백세약국,"서울특별시 중랑구 신내로 82, 109(신내동, 금강빌딩 1층)",비판텐
백약국,"서울특별시 노원구 동일로 1350 105호, 106호 (상계동)",비판텐
백온누리약국,서울특별시 광진구 면목로 174 (중곡동),비판텐
백향목약국,"서울특별시 광진구 광나루로56길 34 ,제1층동 112호",비판텐
백화점약국,서울특별시 강북구 도봉로96길 11 (번동),비판텐
백화점약국,서울특별시 종로구 종로 234-1 (종로5가),비판텐
백화점약국,서울특별시 종로구 종로 234-1,비판텐
번동종로약국,"서울특별시 강북구 오현로34길 23-4 104호 (번동, 현대하니타운)",비판텐
범일약국,서울특별시 영등포구 영중로 54,비판텐
베스트약국,서울특별시 강동구 양재대로 1325 (성내동),비판텐
벼리약국,서울특별시 강서구 허준로 12 (가양동),비판텐
벽산프라자약국,"서울특별시 금천구 금하로 763 213,214호 (시흥동, 벽산중심상가)",비판텐
별장약국,서울특별시 금천구 금하로24길 40 (시흥동),비판텐
보건약국,서울특별시 동작구 장승배기로10길 43 (상도동),비판텐
보광약국,서울특별시 종로구 대학로 93-3 1층 (연건동),비판텐
보라매대학약국,"서울특별시 동작구 보라매로5길 23 101호 (신대방동, 삼성보라매옴니타워)",비판텐
보람약국,서울특별시 성동구 한림말길 50 106호 (옥수동),비판텐
보람약국,서울특별시 종로구 종로 326 (창신동),비판텐
보령약품,서울특별시 종로구 종로31길 8-4,비판텐
보룡약국,서울특별시 양천구 목동중앙북로 3 (목동),비판텐
보리약국,서울특별시 양천구 신월로 338,비판텐
보림약국,서울특별시 성북구 동소문로 15 1층 (동소문동1가),비판텐
보명약국,"서울특별시 서대문구 거북골로 120 206동 2-12호 (남가좌동, 가재울 센트레빌)",비판텐
보명약국,서울특별시 성동구 독서당로 280-7 (금호동4가),비판텐
보생당약국,서울특별시 강동구 천호대로 1015 지하2층 (천호동),비판텐
보현온누리약국,"서울특별시 용산구 신흥로20길 1 (용산동2가, 세명치과)",비판텐
복음약국,"서울특별시 노원구 마들로 31 214호 (월계동, 그랑빌아파트상가)",비판텐
복지약국,서울특별시 동대문구 천호대로 227 (답십리동),비판텐
복지약국,서울특별시 동작구 사당로 194 (사당동),비판텐
봄약국,"서울특별시 강남구 압구정로29길 72-1 A동 109호 (압구정동, 신사시장)",비판텐
봄약국,"서울특별시 강서구 화곡로 347 111호 (화곡동, 그랜드아이파크)",비판텐
봄약국,서울특별시 광진구 뚝섬로 596 1층 (자양동),비판텐
봄약국,"서울특별시 서초구 헌릉로8길 45, 상가동 203호 (내곡동, 서초 포레스타 2단지)",비판텐
봉화신세계약국,"서울특별시 중랑구 신내로 211 130,131호 (신내동, 금강리빙스텔)",비판텐
부광약국,서울특별시 종로구 종로 223-1 (종로5가),비판텐
부부정약국,"서울특별시 영등포구 양평로 64 1층 (당산동6가, 경진빌딩)",비판텐
부산약국,서울특별시 동작구 성대로 68 (상도동),비판텐
부영약국,서울특별시 강서구 강서로56나길 110 (등촌동),비판텐
부용온누리약국,"서울특별시 노원구 덕릉로73길 18 102호 (중계동, 태인빌딩)",비판텐
부자약국,서울특별시 용산구 대사관로30가길 1 1층 (한남동),비판텐
부활약국,"서울특별시 서대문구 통일로 189-1 (영천동, 동성건물)",비판텐
북가좌온누리에약국,서울특별시 서대문구 증가로 241 (북가좌동),비판텐
분홍약국,"서울특별시 용산구 녹사평대로32길 47 , 1층 분홍약국",비판텐
불광온누리약국,서울특별시 은평구 통일로 732 (불광동),비판텐
브라운스톤약국,"서울특별시 서초구 서초대로 334 1층 105호 (서초동, 브라운스톤)",비판텐
비온뒤숲속약국,"서울특별시 마포구 월드컵로 111 104,105호 (망원동, 풍성빌딩)",비판텐
비원약국,서울특별시 강남구 논현로 824 1층 일부호 (신사동),비판텐
비전약국,"서울특별시 강서구 공항대로 627 1층 (염창동, 대신빌딩)",비판텐
비전약국,서울특별시 광진구 동일로18길 73 (자양동),비판텐
비즈메드약국,서울특별시 금천구 시흥대로 214 (시흥동),비판텐
비타민약국,서울특별시 구로구 구로동로 115 청보빌딩 지하1층 (구로동),비판텐
비타민약국,"서울특별시 마포구 백범로 90 , 1층 (대흥동)",비판텐
비타민약국,"서울특별시 서대문구 연세로 36 (창천동, 독수리빌딩)",비판텐
비타민약국,서울특별시 은평구 응암로 162 (응암동),비판텐
비타약국,"서울특별시 강남구 논현로 561, 1층 비타약국(역삼동,언주S타워)",비판텐
뿌리본약국,서울특별시 서초구 남부순환로 2585 신분당선 양재역 지하 1층 25호 (양재동),비판텐
사당13번약국,"서울특별시 서초구 방배천로 5-3 1층 (방배동, 도양빌딩)",비판텐
사당365약국,"서울특별시 관악구 과천대로 955 ,1층(남현동)",비판텐
사당프라자약국,"서울특별시 동작구 사당로 230-1 1층 (사당동, 미래빌딩)",비판텐
사랑손약국,"서울특별시 서초구 서초대로38길 12 103호 (서초동, 마제스타시티타워원)",비판텐
사랑약국,"서울특별시 노원구 노해로 482, 덕영빌딩 4층 (상계동)",비판텐
사랑약국,서울특별시 영등포구 영등포로86길 16 (신길동),비판텐
사랑약국,"서울특별시 중구 청계천로 100 (수표동, 시그니쳐타워) 지하1층 사랑약국",비판텐
사랑약국,"서울특별시 중랑구 망우로 271 (상봉동, 서울중랑우체국)",비판텐
사랑온누리약국,"서울특별시 강남구 삼성로92길 27 , 지층 1호 (삼성동)",비판텐
사랑의약국,"서울특별시 서초구 신반포로 165 2동 1층 1-2호 (잠원동, 반포쇼핑타운)",비판텐
사랑플러스약국,서울특별시 용산구 한강대로 258 (남영동),비판텐
사러가약국,서울특별시 서대문구 연희맛로 23 (연희동),비판텐
산들약국,"서울특별시 강동구 고덕로 131 상가동 115호 (암사동, 롯데캐슬퍼스트)",비판텐
산들약국,서울특별시 도봉구 도당로13길 17 방학동,비판텐
산소망약국,서울특별시 강서구 화곡로63길 133 1층 (등촌동),비판텐
산호약국,"서울특별시 성동구 왕십리로 328-1 1층, 도선동",비판텐
삼기약국,서울특별시 노원구 중계로 120 (중계동),비판텐
삼성엠약국,서울특별시 동대문구 왕산로 247-1 (청량리동),비판텐
삼성일신약국,"서울특별시 강남구 테헤란로 421 (삼성동, 1층 일부)",비판텐
삼원약국,"서울특별시 성북구 종암로 120 (종암동, 금강빌딩)",비판텐
삼원약국,서울특별시 종로구 새문안로 103-1 1층 (신문로1가),비판텐
삼천약국,서울특별시 강북구 삼양로 293 293 (수유동),비판텐
삼호약국,"서울특별시 노원구 마들로 111 207, 208호 (월계동, 나상가)",비판텐
삼화약국,서울특별시 동대문구 왕산로 207 1층 (청량리동),비판텐
삼화온누리약국,서울특별시 강북구 도봉로 196 1층 (미아동),비판텐
상계1번약국,서울특별시 노원구 한글비석로20길 23-1 1층 (중계동),비판텐
상계하나로약국,서울특별시 노원구 한글비석로48길 13 (상계동),비판텐
상도온누리약국,서울특별시 동작구 상도로 297 (상도1동) 1층,비판텐
상도프라자약국,"서울특별시 동작구 상도로 356 1층 (상도동, 교동빌딩)",비판텐
상록약국,"서울특별시 강남구 언주로 508 (역삼동, 상록회관내)",비판텐
상봉태평양약국,"서울특별시 중랑구 면목로 481 (상봉동, 오렌지타워) 101호",비판텐
상봉햇살약국,"서울특별시 중랑구 상봉로 118 4층 (망우동, E-마트 상봉점)",비판텐
상암올리브약국,"서울특별시 마포구 월드컵북로 402 116호 (상암동, KGIT센터)",비판텐
상암월드약국,"서울특별시 마포구 월드컵로 240 2층 (성산동, 홈플러스월드컵점)",비판텐
새고운약국,서울특별시 노원구 동일로 1003 1층 (공릉동),비판텐
새국민약국,서울특별시 성북구 화랑로 91 (하월곡동),비판텐
새난곡약국,서울특별시 관악구 난곡로 210 2층 (신림동),비판텐
새녹십자약국,"서울특별시 구로구 구로중앙로28길 65 구로동, 제 1-4호",비판텐
새누리약국,"서울특별시 양천구 등촌로 32 , 1층 102호 (목동, 태영프라자)",비판텐
새동서약국,서울특별시 종로구 동호로 403 19호 (종로5가),비판텐
새린온누리약국,"서울특별시 동대문구 답십리로 266, 1층 (장안동)",비판텐
새민우약국,"서울특별시 성북구 북악산로 845 203동 (정릉동, 쌍용아파트상가)",비판텐
새보은약국,서울특별시 금천구 독산로 138 (시흥동),비판텐
새봄약국,서울특별시 강남구 압구정로 152 108호 (신사동),비판텐
새봄약국,"서울특별시 강북구 노해로 87 ,1층 새봄약국",비판텐
새봄약국,"서울특별시 노원구 동일로203가길 29 2층 290호 (중계동, 브라운스톤중계)",비판텐
새봄약국,"서울특별시 성동구 왕십리로 410 상가L동 2층 210-1호 (하왕십리동, 센트라스)",비판텐
새봄약국,서울특별시 송파구 풍성로 55 (풍납동),비판텐
새봄약국,서울특별시 영등포구 영중로 66 1층,비판텐
새봉화약국,"서울특별시 중랑구 신내로 211 203-A호 (신내동, 금강리빙스텔)",비판텐
새비타민약국,서울특별시 동작구 성대로 52 지하1층 B06호(상도동),비판텐
새생명약국,"서울특별시 중구 다산로 32 1층 124호 (신당동, 남산타운5상가)",비판텐
새서울DMC약국,"서울특별시 서대문구 수색로 56 ,4층,407호(북가좌동,성공타워1)",비판텐
새서울약국,서울특별시 광진구 자양로 288 (구의동),비판텐
새서울약국,서울특별시 서대문구 통일로 441 (홍제동),비판텐
새서울약국,서울특별시 양천구 공항대로 558 1층 (목동),비판텐
새서울약국,서울특별시 은평구 서오릉로 134 1층 (대조동),비판텐
새성심약국,서울특별시 영등포구 양평로 102 (양평동4가),비판텐
새순보당약국,서울특별시 도봉구 덕릉로 233-5 (창동),비판텐
새실로암약국,서울특별시 강동구 양재대로 1619 1층 3호,비판텐
새싹약국,"서울특별시 강서구 강서로 254 203호 (화곡동, 우장산이편한세상아이파크상가)",비판텐
새싹약국,서울특별시 동작구 장승배기로 34 1층 101호 (상도동),비판텐
새암온누리약국,서울특별시 강북구 도봉로 308 1층 (번동),비판텐
새원약국,서울특별시 중구 명동길 52 (명동2가),비판텐
새조은약국,서울특별시 송파구 송파대로 369 (석촌동),비판텐
새종로약국,"서울특별시 동작구 성대로 5 (상도동, 새종로약국)",비판텐
새종로약국,서울특별시 종로구 종로 199-2 (종로4가),비판텐
새중일약국,"서울특별시 송파구 오금로 300 (가락동, 김해빌딩 1층)",비판텐
새천년약국,"서울특별시 강남구 도곡로 523 (대치동, 대치순복음교회)1층",비판텐
새천년약국,서울특별시 동작구 상도로 69 (대방동),비판텐
새태평양온누리약국,서울특별시 관악구 봉천로 616 (봉천동),비판텐
새튼튼약국,"서울특별시 구로구 경인로 661 2층 211-1호 (신도림동, 신도림1차푸르지오)",비판텐
새푸른약국,서울특별시 관악구 쑥고개로 122 1층 (봉천동),비판텐
새하나약국,"서울특별시 송파구 강동대로 71 1층 (풍납동, 신흥빌딩)",비판텐
새하늘약국,"서울특별시 노원구 동일로 1308 1층 (중계동, 정안프라자)",비판텐
새희망약국,서울특별시 성동구 천호대로 308 2층 (용답동),비판텐
새힘온누리약국,서울특별시 송파구 마천로 137 (오금동),비판텐
샘물약국,서울특별시 노원구 노원로 43 (공릉동),비판텐
샘물온누리약국,서울특별시 중구 퇴계로88길 45 1층 (신당동),비판텐
샘약국,"서울특별시 강남구 테헤란로 322 102호 (역삼동, 한신인터밸리24)",비판텐
샘약국,서울특별시 노원구 한글비석로 271,비판텐
샘터약국,"서울특별시 강남구 일원로 120 101호 (일원동, 샘터마을 현대아파트상가)",비판텐
샛별약국,서울특별시 강남구 남부순환로359길 4 1층 (도곡동),비판텐
샛별약국,서울특별시 강서구 강서로 154 1층 101호 샛별약국,비판텐
생명샘약국,서울특별시 강남구 학동로 433 1층 (청담동),비판텐
생생약국,"서울특별시 강동구 양재대로 1458 ,1층 나호",비판텐
생생온누리약국,서울특별시 강남구 논현로 842 1층 생생온누리약국,비판텐
서대문권약국,서울특별시 종로구 새문안로 15-1 1층,비판텐
서대문약국,서울특별시 서대문구 통일로 177 1층 (옥천동),비판텐
서보약국,서울특별시 서초구 서초대로40길 77 105호 (서초동),비판텐
서부약국,서울특별시 노원구 동일로 1551 101호,비판텐
서생당약국,서울특별시 동대문구 서울시립대로 42 (전농동),비판텐
서안약국,"서울특별시 용산구 효창원로 142 (효창동, 중앙병원)",비판텐
서연약국,"서울특별시 강서구 양천로57길 10-20 (가양동, 이스타빌 1차)",비판텐
서울그랜드약국,서울특별시 송파구 백제고분로 212 (삼전동),비판텐
서울대학약국,서울특별시 영등포구 버드나루로7길 3 105호(영등포동2가),비판텐
서울메디약국,서울특별시 강남구 역삼로 406 104호 (대치동),비판텐
서울메디약국,서울특별시 강서구 공항대로 272 1층 서울메디약국,비판텐
서울솔약국,서울특별시 서대문구 통일로 452 (홍제동),비판텐
서울수약국,서울특별시 중구 만리재로 177 서울역 한라비발디 센트럴 단지내상가 9호,비판텐
서울시니어스약국,"서울특별시 중구 다산로 72 1층 (신당동, 서울시니어스타워)",비판텐
서울약국,서울특별시 강남구 밤고개로34길 4 12호 (세곡동),비판텐
서울약국,서울특별시 송파구 송이로31길 4 1층 (문정동),비판텐
서울온누리약국,서울특별시 강남구 역삼로77길 23 (대치동),비판텐
서울왕약국,서울특별시 중구 남대문로 22 (남대문로3가),비판텐
서울중앙약국,서울특별시 용산구 청파로 378 1층 (동자동),비판텐
서진약국,서울특별시 도봉구 마들로 686 103호 (도봉동),비판텐
서진약국,서울특별시 영등포구 대림로 245 (대림동),비판텐
서초내곡약국,"서울특별시 서초구 청계산로 189 1층 105호 (신원동, 내곡드림시티 Ⅱ)",비판텐
서초늘봄약국,"서울특별시 서초구 서초대로38길 12 지하2층 (서초동, 마제스타시티,힐스테이트서리풀)",비판텐
서초늘푸른약국,"서울특별시 서초구 잠원로8길 25 117호 (잠원동, 대림아파트상가 )",비판텐
서초당약국,"서울특별시 서초구 서초중앙로 107 (서초동, 삼화빌딩)",비판텐
서초메이플약국,"서울특별시 서초구 남부순환로347길 101 1층 (서초동, 조이빌딩)",비판텐
서초백화점약국,"서울특별시 서초구 효령로 279 1층 (서초동, 상경빌딩)",비판텐
서초삼성약국,서울특별시 서초구 서초대로74길 23 102호 (서초동),비판텐
서초아트약국,"서울특별시 서초구 반포대로 58 201동 12호 (서초동, 서초아트자이상가)",비판텐
서현약국,서울특별시 용산구 이촌로 200 지히1층 104호 (이촌동),비판텐
서현온누리약국,서울특별시 중구 퇴계로 61 (남창동),비판텐
석계태평양약국,"서울특별시 노원구 화랑로 321 (월계동, 1층)",비판텐
선경약국,"서울특별시 영등포구 국제금융로2길 24 (여의도동,SK증권지하)",비판텐
선릉수정약국,"서울특별시 강남구 선릉로 510 1층 (삼성동, 오성빌딩)",비판텐
선릉타워약국,"서울특별시 강남구 테헤란로 326 (역삼동, 역삼아이타워)B1층",비판텐
선릉타워약국,"서울특별시 강남구 테헤란로 326 , 지하1층 선릉타워약국",비판텐
선우약국,"서울특별시 은평구 은평로 52 (신사동, 명성빌딩)",비판텐
선화온누리약국,서울특별시 영등포구 도신로58길 17 (신길동),비판텐
성대약국,서울특별시 동작구 성대로 11 (상도동),비판텐
성락약국,서울특별시 관악구 쑥고개로 86 (봉천동),비판텐
성모약국,서울특별시 강서구 화곡로 313 (화곡동),비판텐
성모제일약국,서울특별시 영등포구 여의대방로62길 2 (신길동),비판텐
성문약국,"서울특별시 금천구 한내로 69-15 1317-107호 (독산동, 주공아파트)",비판텐
성보약국,서울특별시 관악구 남부순환로208길 10 (봉천동),비판텐
성심약국,서울특별시 구로구 경인로20길 6 104호 (오류동),비판텐
성심약국,"서울특별시 송파구 마천로 190 (오금동, 청전빌딩 104호)",비판텐
성우약국,서울특별시 영등포구 여의대로 24 (여의도동),비판텐
성은약국,"서울특별시 성동구 상원길 59 (성수동1가, 쌍용아파트(상가B))",비판텐
성조약국,서울특별시 송파구 동남로 136 (문정동),비판텐
성지약국,서울특별시 중랑구 공릉로12가길 52 (묵동),비판텐
성진약국,서울특별시 종로구 창경궁로 271-1 (혜화동),비판텐
세검정약국,"서울특별시 종로구 세검정로6길 104 ,1층 우측호 세검정약국",비판텐
세계로약국,서울특별시 강북구 도봉로 253 (수유동),비판텐
세계로약국,"서울특별시 광진구 아차산로 219 (화양동, 삼영빌딩)",비판텐
세계로약국,서울특별시 노원구 상계로 119 (상계동),비판텐
세계로약국,서울특별시 동작구 상도로 206 (상도동),비판텐
세계로약국,서울특별시 마포구 월드컵북로 347 1층 (상암동),비판텐
세계로약국,서울특별시 서초구 동작대로 38 (방배동),비판텐
세계로약국,서울특별시 은평구 불광로 54 (불광동),비판텐
세계로온누리약국,"서울특별시 구로구 경인로 643 1층 (신도림동, 동아2차아파트상가)",비판텐
세계약국,"서울특별시 중구 남대문로 72 바-2호 (남대문로2가, 명동지하쇼핑센터)",비판텐
세곡리엔약국,서울특별시 강남구 헌릉로570길 34 1층 108호 (세곡동),비판텐
세란약국,서울특별시 서대문구 연세로 39 (창천동),비판텐
세브레스약국,서울특별시 용산구 대사관로 56 (한남동),비판텐
세븐약국,"서울특별시 서초구 서초대로 240 지하1층 B02호 (서초동, 서초동 동일하이빌)",비판텐
세영약국,서울특별시 광진구 뚝섬로27길 65 (자양동) 1층,비판텐
세종로약국,서울특별시 영등포구 여의대방로 197 (신길동),비판텐
센츄럴팜약국,서울특별시 중구 한강대로 405 2층 (봉래동2가),비판텐
소나무약국,서울특별시 노원구 노원로 330 롯데마트중계점 지하 1층,비판텐
소나무약국,서울특별시 마포구 월드컵북로 402 (상암동) 소나무약국,비판텐
소나무약국,"서울특별시 송파구 중대로 80 (문정동, 롯데마트 지1층)",비판텐
소담약국,"서울특별시 노원구 상계로1길 14-11 A동 103호 (상계동, 하이웰빙상가)",비판텐
소라약국,서울특별시 광진구 면목로 132 1층 (중곡동),비판텐
소망약국,서울특별시 도봉구 마들로 691 (도봉동),비판텐
소망약국,"서울특별시 동작구 신대방1가길 38 105동 3층 307호 (신대방동, 동작상떼빌아파트)",비판텐
소망약국,서울특별시 성북구 정릉로 322 (정릉동),비판텐
소명약국,서울특별시 서대문구 모래내로15길 68 (남가좌동),비판텐
소백약국,서울특별시 송파구 양산로 12 세신거여훼밀리타운 1층 107호 소백약국,비판텐
소생약국,서울특별시 서대문구 응암로 81 1층 (북가좌동),비판텐
소아건강약국,서울특별시 용산구 청파로93길 5 1층 (서계동),비판텐
소아제일약국,"서울특별시 용산구 청파로 383-8 (서계동, 청운가든)",비판텐
소원약국,서울특별시 강북구 도봉로 205 (미아동),비판텐
소은약국,"서울특별시 강남구 도산대로50길 9 1층 (논현동, 청석빌딩)",비판텐
소호약국,서울특별시 강남구 논현로 848 1층 (신사동),비판텐
소화약국,서울특별시 서초구 방배로 87 (방배동) 1층 소화약국,비판텐
솔벗약국,서울특별시 서대문구 세검정로 72 (홍제동),비판텐
솔빛동양약국,"서울특별시 강남구 언주로30길 10 , 1층 110호 (도곡동, 현대비전21)",비판텐
솔빛약국,서울특별시 은평구 갈현로 253 (갈현동),비판텐
솔샘약국,서울특별시 강북구 솔샘로 295-1 (미아동),비판텐
솔샘우리약국,서울특별시 강북구 솔샘로 203 1층,비판텐
송도약국,서울특별시 강북구 도봉로 343 (수유동),비판텐
송정약국,서울특별시 중랑구 면목로 495 1층 (상봉동),비판텐
송파24약국,"서울특별시 송파구 송파대로 111, 202동 161호 (문정동, 파크하비오)",비판텐
송파그랜드약국,서울특별시 송파구 문정로4길 14 1층 (문정동),비판텐
송파미소약국,서울특별시 송파구 올림픽로35길 10 상가B동 3층 308-1호,비판텐
송파새길약국,"서울특별시 송파구 송파대로 145 , 1층 108호 (문정동, 문정 오벨리스크)",비판텐
송파제일약국,"서울특별시 송파구 동남로 217 1층 (가락동, 동희빌딩)",비판텐
송파태양약국,서울특별시 송파구 백제고분로48길 22 (방이동),비판텐
송파프라자약국,서울특별시 송파구 가락로 112 (석촌동),비판텐
수도약국,서울특별시 종로구 인사동길 40 (관훈동),비판텐
수락100세약국,서울특별시 노원구 동일로 1673 (상계동),비판텐
수락프라자약국,서울특별시 노원구 동일로 1669 (상계동),비판텐
수려한약국,"서울특별시 마포구 월드컵북로 137 1층 2호 (성산동, 씨에스타워)",비판텐
수명산약국,서울특별시 강서구 수명로 68-11 발산타워107호 (내발산동),비판텐
수서역약국,서울특별시 강남구 광평로 270 수서역 339-111호 (수서동),비판텐
수약국,"서울특별시 금천구 시흥대로 201 , 지하1층",비판텐
수약국,서울특별시 마포구 월드컵로 151 1층 (망원동),비판텐
수약국,서울특별시 용산구 백범로 283 (효창동),비판텐
수약국,"서울특별시 종로구 종로 33 지하1층 B104호 (청진동, 그랑서울)",비판텐
수온누리약국,서울특별시 영등포구 선유로 63 (문래동6가),비판텐
수유대학약국,"서울특별시 강북구 삼양로 431-1 (수유동, 수유대학약국)",비판텐
수유온누리약국,서울특별시 강북구 도봉로 324 (번동),비판텐
수유태평양약국,서울특별시 강북구 도봉로67길 34 (미아동),비판텐
수유프라자약국,서울특별시 강북구 덕릉로 42 1층 (수유동),비판텐
수인약국,"서울특별시 동대문구 장한로 119 3층 305호 (장안동, 삼성쉐르빌빌딩)",비판텐
수인옵티마약국,서울특별시 영등포구 영등포로 32 (양평동2가),비판텐
수정약국,서울특별시 양천구 중앙로 276 (신정동),비판텐
수정약국,서울특별시 중구 장충단로 195 (쌍림동),비판텐
수정프라자약국,서울특별시 영등포구 양평로22길 7 (양평동5가),비판텐
수태평양약국,서울특별시 구로구 고척로 144 1층(고척동),비판텐
수프라자약국,"서울특별시 송파구 거마로 61 1층 (마천동, 강동중앙의원)",비판텐
숙명온누리약국,"서울특별시 용산구 청파로47길 66 (청파동2가, 중하빌딩)",비판텐
숭인다모아약국,서울특별시 종로구 지봉로8길 54 (숭인동),비판텐
숭인약국,서울특별시 강북구 도봉로 59 1층 (미아동),비판텐
스마일약국,서울특별시 동작구 장승배기로 110-1 (노량진동),비판텐
스마일약국,"서울특별시 성북구 보문로 180 1층 (삼선동4가, 삼선동빌딩)",비판텐
스마일온누리약국,서울특별시 성동구 뚝섬로 377 (성수동2가),비판텐
스마트약국,서울특별시 송파구 오금로 508 스타빌딩 1층,비판텐
스마트온누리약국,"서울특별시 서초구 강남대로53길 7 , 1층 101호 (서초동, 강남애니타워)",비판텐
스카이약국,"서울특별시 강서구 하늘길 38 (방화동,롯데마트김포공항지점지하2층약국코너)",비판텐
스타약국,"서울특별시 구로구 경인로 572 (구로동, 스타팰리스)",비판텐
스타약국,"서울특별시 성북구 동소문로 92 1층 (동소문동5가, 강윤빌딩)",비판텐
스타온누리약국,"서울특별시 강동구 아리수로50길 50 4층 405,406,407호 (고덕동, 고덕래미안힐스테이트)",비판텐
스타온누리약국,서울특별시 광진구 동일로 174,비판텐
스타온누리약국,"서울특별시 성북구 동소문로 14-1 1층 (동소문동2가, 로석빌딩)",비판텐
시민당약국,서울특별시 강동구 양재대로 1479 (길동),비판텐
시민약국,서울특별시 종로구 자하문로 2 (적선동),비판텐
시온약국,서울특별시 용산구 독서당로 67 (한남동),비판텐
시원약국,"서울특별시 강북구 오패산로 413, 1층 (번동)",비판텐
시장약국,서울특별시 구로구 경인로47길 126 (고척동),비판텐
시티약국,서울특별시 송파구 올림픽로 116 1층 (잠실동),비판텐
시티온누리약국,서울특별시 송파구 송파대로 366 1층,비판텐
시티온누리약국,"서울특별시 용산구 한강대로 283 (갈월동, 시티파크타워)",비판텐
신금호약국,"서울특별시 성동구 행당로 1 1층 (금호동1가, 로타리빌딩)",비판텐
신길프라자약국,"서울특별시 영등포구 도신로 120 (신길동,신영빌딩 1층)",비판텐
신논현비비약국,"서울특별시 강남구 강남대로 476 , 지하2층 (논현동, urbanhive)",비판텐
신대방수연약국,서울특별시 동작구 신대방2길 1 (신대방동),비판텐
신도림제일약국,서울특별시 구로구 새말로 110 구로동,비판텐
신도약국,"서울특별시 구로구 중앙로 60 (고척동, 강산메디칼프라자)",비판텐
신동아약국,"서울특별시 노원구 마들로3길 15 (월계동, 이마트월계점)",비판텐
신동화약국,서울특별시 종로구 종로 267-1 (종로6가),비판텐
신등원약국,서울특별시 중구 수표로 9 (충무로2가),비판텐
신림수약국,"서울특별시 관악구 신림로 352 1층 (신림동, 연빌딩)",비판텐
신명성약국,서울특별시 서초구 서래로8길 1 (반포동),비판텐
신방화약국,"서울특별시 강서구 양천로 128 103호 (방화동, 한림리첸빌)",비판텐
신백구약국,서울특별시 광진구 군자로 86-1 (군자동),비판텐
신백제약국,서울특별시 종로구 종로 243 1층,비판텐
신보명약국,서울특별시 동대문구 천호대로79길 66 (장안동),비판텐
신분당약국,"서울특별시 강남구 강남대로 396 23호 (역삼동, 신분당선 강남역내)",비판텐
신사스타약국,서울특별시 서초구 강남대로 621 1층,비판텐
신사약국,서울특별시 강남구 도산대로 109 1층 101호 (신사동),비판텐
신사온누리약국,서울특별시 강남구 강남대로 600 1층 (논현동),비판텐
신사프라자약국,서울특별시 은평구 갈현로 16 (신사동),비판텐
신서대문대학약국,"서울특별시 종로구 경교장1길 1 1,2층 (교남동)",비판텐
신성림약국,서울특별시 성동구 마조로 24 (행당동),비판텐
신성심약국,서울특별시 관악구 관악로 205 1층 (봉천동),비판텐
신세계약국,서울특별시 영등포구 시흥대로 675 (대림동),비판텐
신세계약국,서울특별시 용산구 장문로 94 (보광동),비판텐
신세계약국,서울특별시 종로구 종로 124-1 (종로3가),비판텐
신세기약국,"서울특별시 서초구 신반포로 219 8동 106호 (잠원동, 반포쇼핑)",비판텐
신세명약국,서울특별시 동작구 서달로 163 (흑석동),비판텐
신세명약국,"서울특별시 영등포구 도림로 209 105호 (신길동, 미성상가)",비판텐
신승보약국,서울특별시 광진구 뚝섬로24길 11 (자양동),비판텐
신아산약국,서울특별시 송파구 강동대로7길 4 1층 (풍납동),비판텐
신아산약국,"서울특별시 종로구 종로 255-2 , 1층 (종로5가)",비판텐
신연세약국,서울특별시 강동구 고덕로 88,비판텐
신오약국,서울특별시 서초구 강남대로61길 7 1층 (서초동),비판텐
신용산수약국,"서울특별시 용산구 한강대로 109 용성비즈텔 지하2층 233,227호 (한강로2가)",비판텐
신용산수약국,"서울특별시 용산구 한강대로 109 (한강로2가, 용성비즈텔) 제지2층 제227호, 233호 신용산수약국",비판텐
신우성약국,서울특별시 용산구 한강대로77길 10 (갈월동),비판텐
신월우리약국,"서울특별시 양천구 월정로 51 104호 (신월동, 청송프라임)",비판텐
신정릉우리약국,"서울특별시 성북구 보국문로 43 103호 (정릉동, 야원빌딩)",비판텐
신종로약국,서울특별시 동대문구 왕산로 261 1층 (청량리동),비판텐
신중앙약국,서울특별시 동작구 흑석로 103 (흑석동),비판텐
신중앙약국,서울특별시 중구 퇴계로 436 (신당동),비판텐
신진약국,서울특별시 용산구 우사단로 2-1 1층 104호 (보광동),비판텐
신천지약국,서울특별시 동작구 만양로 86 (노량진동),비판텐
신청사구내약국,"서울특별시 서초구 반포대로 217 지하1층 (반포동, 조달청사별관동)",비판텐
신통일약국,서울특별시 강북구 한천로123길 14 (번동),비판텐
신풍시장약국,"서울특별시 영등포구 가마산로 433-1 1층 1호 (신길동, SG메디피움)",비판텐
신풍약국,서울특별시 영등포구 신길로 36-1 (신길동),비판텐
신프라자약국,서울특별시 도봉구 덕릉로 251 1층 (창동),비판텐
신현대약국,"서울특별시 강남구 압구정로 151 ,2동 1층 9호",비판텐
신화약국,서울특별시 관악구 관악로 153 (봉천동),비판텐
신흥약국,서울특별시 노원구 공릉로 323 1층 (하계동),비판텐
심지약국,"서울특별시 양천구 오목로 197 1층 (신정동, 이스트만빌딩)",비판텐
싱싱약국,서울특별시 강남구 선릉로 567 1층 일부호 (역삼동),비판텐
싱싱약국,"서울특별시 강서구 양천로 556 103호 (등촌동, 강서메디칼센터)",비판텐
쌍문상록수약국,"서울특별시 도봉구 해등로26길 7 (쌍문동, 우진빌딩 110,116호)",비판텐
아가페온누리약국,"서울특별시 성북구 정릉로 274 , 1층(정릉동, 신용제이비인후과)",비판텐
아람약국,"서울특별시 영등포구 여의대방로 87 1층 (신길동, 대신빌딩)",비판텐
아로마약국,서울특별시 강남구 역삼로 243 1층 (역삼동),비판텐
아름다운달과별약국,"서울특별시 은평구 통일로 855-8 (갈현동, 연신내진원와이타운)",비판텐
아름다운약국,"서울특별시 마포구 마포대로24길 56 1층 (아현동, 보령빌딩)",비판텐
아름다운약국,"서울특별시 성북구 길음로 33 , 상가B동 지하 17~19호 (길음동, 길음뉴타운)",비판텐
아름다운우리약국,서울특별시 강남구 논현로 327 (역삼동),비판텐
아름솔약국,"서울특별시 구로구 경인로53길 15 (구로동, 중앙유통단지)",비판텐
아산메디칼약국,서울특별시 송파구 강동대로 61 (풍납동),비판텐
아이메디칼약국,서울특별시 성북구 동소문로46길 18 삼전솔하임3차 101호,비판텐
아이사랑약국,"서울특별시 금천구 시흥대로 214 401호 (시흥동, 비즈메드빌딩)",비판텐
아이사랑태평양약국,서울특별시 구로구 새말로 15 삼전솔하임 1층,비판텐
아이약국,서울특별시 강남구 삼성로 712 지하1층 (청담동),비판텐
아이약국,"서울특별시 동대문구 장한로32길 19 105동 102호 (장안동, 삼성리치캐슬)",비판텐
아이조은약국,"서울특별시 강남구 삼성로 620 ,2층(삼성동,블래스톤라조트)",비판텐
아임약국,"서울특별시 서초구 강남대로 439 1층 102호 (서초동, 유화빌딩)",비판텐
아침햇살약국,"서울특별시 구로구 시흥대로 561 (구로동, 동해빌딩)",비판텐
아카데미약국,"서울특별시 동작구 보라매로5가길 16 515호 (신대방동, 아카데미타워)",비판텐
아크로비스타약국,"서울특별시 서초구 서초중앙로 188 지하1층 지하에이-132호 (서초동, 아크로비스타)",비판텐
아현종로약국,서울특별시 마포구 굴레방로9길 2 1층 (아현동),비판텐
아현파란문약국,"서울특별시 서대문구 신촌로35길 10 지하1층 B417호 (북아현동, e편한세상신촌4단지)",비판텐
안국온누리약국,서울특별시 강북구 한천로 1058 (수유동),비판텐
안생약국,서울특별시 마포구 와우산로 22 1층 (상수동),비판텐
안일약국,서울특별시 동작구 성대로 76 (상도동),비판텐
암사조은온누리약국,"서울특별시 강동구 고덕로 133 상가동 511호 (암사동, 강동롯데캐슬퍼스트아파트)",비판텐
압구정길약국,"서울특별시 강남구 압구정로 130 1층 101호 (신사동, 종화빌딩)",비판텐
압구정길약국,"서울특별시 강남구 압구정로 130 , 1층 101호",비판텐
압구정프라자온누리약국,"서울특별시 강남구 논현로 857 1층 (신사동, 계룡빌딩 )",비판텐
애오개약국,"서울특별시 마포구 마포대로 204 103호 (아현동, 마포에스케이허브)",비판텐
애플약국,서울특별시 송파구 올림픽로 119 잠실파인애플상가 제3에이 12-1호 (잠실동),비판텐
약산약국,서울특별시 영등포구 도신로 208 (신길동),비판텐
약수태평양약국,서울특별시 동작구 장승배기로 7 (상도동),비판텐
약수하나약국,"서울특별시 중구 다산로 111 1층 (신당동, 한미빌딩)",비판텐
양재메디칼약국,서울특별시 서초구 동산로 64 (양재동),비판텐
양재프라자약국,"서울특별시 서초구 강남대로 224 1층 104호 (양재동, 한신휴플러스)",비판텐
양지약국,"서울특별시 용산구 이촌로 248 11동 103-1호 (이촌동, 한강맨션)",비판텐
양천뿌리약국,"서울특별시 양천구 지양로 74 ,1층,3호(신월동)",비판텐
어울림온누리약국,"서울특별시 성동구 독서당로40길 39 211호 (옥수동, 어울림상가동)",비판텐
엄마손약국,서울특별시 동작구 동작대로29길 69 201호 (사당동),비판텐
엄마약국,"서울특별시 영등포구 대림로29길 19 1층 (대림동, 대화빌딩)",비판텐
에버그린약국,서울특별시 강북구 한천로 1000 (번동),비판텐
에벤에셀온누리약국,"서울특별시 금천구 금하로 720 202호 (시흥동, 에벤에셀프라자)",비판텐
에이스약국,서울특별시 강서구 화곡로 197 에이스약국,비판텐
에이스약국,"서울특별시 구로구 디지털로 285 104호 (구로동, 에이스트윈타워1차)",비판텐
에이스약국,"서울특별시 중구 세종대로 136 1층 (무교동, 파이낸스빌딩)",비판텐
에이스온누리약국,서울특별시 서초구 방배로 76 1층 (방배동),비판텐
에이엔씨약국,서울특별시 강남구 도산대로 204 1층 (논현동),비판텐
에이트약국,"서울특별시 서초구 강남대로 423 ,1층2층(서초동,한승빌딩)",비판텐
엔씨약국,서울특별시 강서구 강서로56길 17 지하1층 (등촌동),비판텐
엔젤약국,"서울특별시 강서구 양천로 476 (등촌동, 금부빌딩) 4층 402호 엔젤약국",비판텐
엔젤팜약국,서울특별시 강북구 삼양로19길 59 104호 대선빌딩딩,비판텐
엘림약국,서울특별시 관악구 신림로 322 (신림동),비판텐
여의도대학약국,"서울특별시 영등포구 63로 45 상가 19,20,21호(여의도동, 여의도시범아파트)",비판텐
여의도성모약국,"서울특별시 영등포구 63로 45 (여의도동, 여의도시범아파트)",비판텐
여의도약국,"서울특별시 영등포구 여의나루로 40 (여의도동, 여의도역 지하1층 1,2번 출입구 쪽 개찰구 옆)",비판텐
여의도점부츠약국,서울특별시 영등포구 국제금융로 10 지하2층 207호 (여의도동),비판텐
역삼생생약국,"서울특별시 강남구 역삼로17길 64 , 1층 3호",비판텐
역삼이화약국,서울특별시 강남구 논현로 340 1층 (역삼동),비판텐
역삼태평양약국,서울특별시 강남구 논현로 564 1층 (역삼동),비판텐
연세약국,서울특별시 중구 남대문로 5 84-11 연세재단세브란스빌딩 1층,비판텐
연세정약국,"서울특별시 성북구 화랑로 201 (장위동, 대영치과)",비판텐
연세참사랑약국,서울특별시 노원구 동일로 992 101호 (공릉동),비판텐
연세현약국,서울특별시 노원구 한글비석로 436-1,비판텐
연신내메디칼약국,"서울특별시 은평구 연서로 246 104호 (불광동, 타워크리닉)",비판텐
연신종로약국,"서울특별시 은평구 연서로32길 3 (불광동, 남재빌딩)",비판텐
연합약국,서울특별시 중구 퇴계로 120 1층 (남산동1가),비판텐
연희위드팜약국,서울특별시 서대문구 성산로 521 (대신동),비판텐
열린대학약국,서울특별시 강북구 숭인로 63-1 1층 (미아동),비판텐
열린약국,서울특별시 구로구 고척로 142-1 (고척동),비판텐
열린약국,"서울특별시 동작구 보라매로5길 23 지하1층 B117호 (신대방동, 삼성보라매옴니타워)",비판텐
열린약국,서울특별시 송파구 가락로 166 1층 (송파동),비판텐
열린약국,"서울특별시 종로구 종로 204 1,2층 (종로4가)",비판텐
열린약국,"서울특별시 중구 청계천로 400 지하2층 (황학동, 롯데캐슬베네치아아파트)",비판텐
열린온누리약국,"서울특별시 노원구 공릉로 173 1층 (공릉동, 메디홈즈빌딩)",비판텐
영등포21세기온누리약국,서울특별시 영등포구 당산로36길 12 (당산동4가),비판텐
영등포시장약국,서울특별시 영등포구 영중로 62 1층 (영등포동5가),비판텐
영민약국,서울특별시 성동구 성수일로10길 32 (성수동2가),비판텐
영민약국,서울특별시 양천구 목동동로 430 (목동),비판텐
영보서초프라자약국,서울특별시 서초구 방배로 88 1층 (방배동),비판텐
영약국,"서울특별시 송파구 송파대로 345 , 1A 501호",비판텐
영한약국,"서울특별시 서대문구 충정로 71 ,영한약국",비판텐
예닮약국,서울특별시 금천구 시흥대로 403 (독산동),비판텐
예사랑약국,"서울특별시 용산구 이촌로 352 103호 (용산동6가, 신동아쇼핑)",비판텐
예솔약국,"서울특별시 중구 청파로 464 103동 207호 (중림동, 브라운스톤서울)",비판텐
예약국,"서울특별시 강서구 공항대로41길 75 108호 (등촌동, 경원프라자)",비판텐
예원약국,서울특별시 관악구 쑥고개로 110 1층 2호,비판텐
예원약국,"서울특별시 서대문구 독립문로14길 3 102호 (냉천동, 돈의문센트레빌상가)",비판텐
예은약국,서울특별시 종로구 진흥로 456 1층 (구기동),비판텐
예일약국,서울특별시 광진구 구의로 23 (구의동),비판텐
오금중앙약국,서울특별시 송파구 위례성대로20길 33 (오금동),비판텐
오렌지약국,서울특별시 강남구 도산대로 124 1층 일부호 (논현동),비판텐
오렌지약국,서울특별시 관악구 관악로 168 1층 111호,비판텐
오렌지약국,"서울특별시 중구 을지로 100 지하1층 (을지로2가, 파인에비뉴)",비판텐
오렌지온누리약국,서울특별시 송파구 오금로11길 37 101호 (방이동),비판텐
오로라온누리약국,서울특별시 동대문구 서울시립대로 92 1층 (전농동),비판텐
오류온누리약국,서울특별시 구로구 경인로 201 (오류동),비판텐
오약국,"서울특별시 도봉구 마들로 645 1층 (방학동, 롯데마트)",비판텐
오월애약국,"서울특별시 강동구 천호대로 1107 102호 (길동, SK허브)",비판텐
옥광약국,서울특별시 영등포구 대림로 247 (대림동),비판텐
온누리강변프라자약국,"서울특별시 광진구 광나루로56길 5 ,1층 107호,108호,109호(구의동) 온누리강변프라자약국",비판텐
온누리건강약국,서울특별시 강서구 곰달래로 271 (화곡동),비판텐
온누리극동약국,서울특별시 광진구 아차산로 552 (광장동),비판텐
온누리대광약국,서울특별시 영등포구 도림로38길 4 (대림동),비판텐
온누리대산약국,서울특별시 관악구 시흥대로 566 (신림동),비판텐
온누리대웅약국,서울특별시 송파구 마천로 345 1층 (마천동),비판텐
온누리메디칼약국,서울특별시 광진구 아차산로 220 (자양동),비판텐
온누리미소약국,"서울특별시 마포구 월드컵로 29 지하2층 (합정동, JH빌딩)",비판텐
온누리백제약국,"서울특별시 구로구 고척로 212 102호 (고척동, 오토젠빌딩)",비판텐
온누리봄빛약국,서울특별시 송파구 양산로10길 4 (거여동),비판텐
온누리사랑의약국,서울특별시 구로구 구로동로15길 17 (구로동),비판텐
온누리삼선약국,서울특별시 강동구 동남로81길 50 (고덕동),비판텐
온누리센터원약국,"서울특별시 중구 을지로5길 26 (수하동, 미래에셋센터원빌딩 지하1층)",비판텐
온누리약국,"서울특별시 노원구 상계로5길 12 112호, 113호 (상계동, 동양메이저상가)",비판텐
온누리옥산약국,서울특별시 송파구 동남로 141 (가락동),비판텐
온누리유미숙약국,서울특별시 양천구 목동로 185 (신정동),비판텐
온누리제일,서울특별시 강남구 강남대로 478 (논현동),비판텐
온누리조은약국,"서울특별시 양천구 곰달래로5길 30 (신월동, 은성아파트)",비판텐
온누리진호약국,서울특별시 성북구 돌곶이로 36-1 (석관동),비판텐
온누리평안약국,"서울특별시 영등포구 양평로24길 9 (양평동5가, 한신아파트)",비판텐
온누리한라약국,"서울특별시 구로구 구일로10길 49 (구로동, 다원그린빌)",비판텐
온새미약국,"서울특별시 서초구 방배로 223, 1층 1호 (방배동)",비판텐
온유약국,서울특별시 종로구 종로 205 (종로5가),비판텐
올리브약국,"서울특별시 동대문구 장한로 130 1층 105호 (장안동, 장안빌딩)",비판텐
올리브약국,서울특별시 마포구 신촌로 88 1층 (노고산동),비판텐
올리브약국,서울특별시 은평구 응암로 308 (응암동),비판텐
옵티마e-편한약국,"서울특별시 성북구 삼양로13길 45 401호 (길음동, 길음뉴타운,e편한세상 대림상가)",비판텐
옵티마건강약국,서울특별시 구로구 경인로 315 (개봉동),비판텐
옵티마건강약국,"서울특별시 노원구 동일로204가길 34 110호 (중계동, 씨앤미빌딩)",비판텐
옵티마네오프라자약국,"서울특별시 강북구 도봉로 352 102호 (번동, 효성네오인텔리안)",비판텐
옵티마대우미약국,서울특별시 성북구 성북로2길 8 1층,비판텐
옵티마미소약국,"서울특별시 강남구 논현로 570 1층 일부호 (역삼동, 여송빌딩)",비판텐
옵티마상도약국,"서울특별시 동작구 상도로53길 6 1층 (상도동, 순현빌딩)",비판텐
옵티마서울약국,"서울특별시 중구 한강대로 416 1층 9-1호 (남대문로5가, 서울스퀘어)",비판텐
옵티마세란약국,"서울특별시 광진구 자양로13길 47 1층 (자양동, 욱영빌딩)",비판텐
옵티마시민약국,서울특별시 성북구 보문로 93 1층 (보문동5가),비판텐
옵티마자양미소약국,서울특별시 광진구 뚝섬로 606 (자양동),비판텐
옵티마자이약국,"서울특별시 서초구 사평대로45길 10-25 2동 109-2호 (반포동, 베리타스타운)",비판텐
옵티마하나약국,"서울특별시 송파구 올림픽로51길 30 (풍납동, 대아(아)상가 1층14호)",비판텐
왕약국,서울특별시 성동구 광나루로 323 (송정동),비판텐
왕자약국,서울특별시 중구 다산로36길 11 (신당동),비판텐
외대조은약국,서울특별시 동대문구 휘경로 10 1층 (이문동),비판텐
요나약국,서울특별시 강북구 솔샘로 254 (미아동),비판텐
용강약국,서울특별시 동작구 노량진로26길 13 (본동),비판텐
용약국,서울특별시 마포구 신촌로 102-1 1층 (노고산동),비판텐
용약국,서울특별시 용산구 대사관로24길 6 한남동,비판텐
용한약국,"서울특별시 강서구 허준로 47 상가동 105호 (가양동, 가양2단지아파트)",비판텐
우리네약국,"서울특별시 중구 동호로10길 30 103호,104호 (신당동, 약수하이츠 상가동)",비판텐
우리대한약국,서울특별시 강북구 도봉로81길 3 1층,비판텐
우리들약국,"서울특별시 강동구 올림픽로 781, 101호 (암사동)",비판텐
우리들약국,서울특별시 강북구 오현로 190 (번동),비판텐
우리들약국,서울특별시 관악구 난곡로 198 (신림동),비판텐
우리들약국,"서울특별시 노원구 월계로 370 103호, 104호 (월계동, 희성프라자)",비판텐
우리들약국,서울특별시 마포구 동교로 203 1층 (동교동),비판텐
우리들약국,"서울특별시 서초구 서초중앙로 230 105호 (반포동, 동화반포프라자빌딩)",비판텐
우리들약국,서울특별시 은평구 연서로 35 1층 (역촌동),비판텐
우리들약국,서울특별시 중랑구 신내로 50-3 (신내동),비판텐
우리선약국,"서울특별시 강동구 동남로49길 21-15 1,지1층 (둔촌동)",비판텐
우리안약국,서울특별시 영등포구 영신로34길 5 1층,비판텐
우리약국,"서울특별시 금천구 시흥대로 211 ,105호",비판텐
우리약국,서울특별시 송파구 오금로 404 (가락동),비판텐
우리약국,서울특별시 용산구 한강대로23길 55 아이파크몰 리빙파크 6층 218호 (한강로3가),비판텐
우리온누리약국,"서울특별시 강남구 남부순환로397길 57 1층 1호 (대치동, 대치메디칼센터)",비판텐
우리온누리약국,서울특별시 동작구 노량진로 155 (노량진동),비판텐
우리조은약국,"서울특별시 노원구 동일로 1689 206호 (상계동, 하이베라스오피스텔)",비판텐
우리캐슬약국,"서울특별시 금천구 시흥대로 315, 지하 1층 (독산동, 롯데마트 금천점)",비판텐
우림약국,서울특별시 강북구 삼양로 466 1층 수유동동,비판텐
우림약국,서울특별시 송파구 오금로 477 (거여동),비판텐
우산약국,서울특별시 구로구 구로동로 112-2 (구로동),비판텐
우성메디칼약국,서울특별시 양천구 지양로 78 (신월동),비판텐
우성약국,서울특별시 노원구 한글비석로 463 (상계동),비판텐
우성혜민약국,"서울특별시 관악구 관악로30길 12 121호, 122호 (봉천동, 우성아파트상가)",비판텐
우인약국,서울특별시 강남구 일원로 39 (일원동),비판텐
우일약국,서울특별시 관악구 난곡로24길 5 (신림동),비판텐
우정약국,"서울특별시 용산구 백범로 341, 용산리첸시아 3층 (원효로1가)",비판텐
우주약국,서울특별시 강동구 양재대로 1571 지하2층,비판텐
우주약국,서울특별시 동대문구 장한로 139 (장안동),비판텐
우진당약국,서울특별시 동대문구 사가정로13길 3 1층 (전농동),비판텐
운산약국,서울특별시 강북구 도봉로 260 (미아동),비판텐
웃는내일약국,서울특별시 영등포구 선유로 64 (문래동3가),비판텐
원약국,서울특별시 은평구 은평로 121 (응암동),비판텐
원약국,"서울특별시 중랑구 망우로 353 ,제비주거동 제씨313호",비판텐
원자프라자온누리약국,"서울특별시 노원구 공릉로46가길 17-19 1층 (공릉동, 윤탁노블레스)",비판텐
월드중앙약국,"서울특별시 송파구 올림픽로35길 112 101,102호 (신천동, 장미아파트 비상가)",비판텐
월드타워약국,"서울특별시 송파구 올림픽로 300 지하1층 (신천동, 롯데마트월드타워점)",비판텐
월드팜약국,서울특별시 강서구 화곡로 324 (화곡동),비판텐
웰그린약국,"서울특별시 강남구 선릉로 311 , 1층 103호",비판텐
웰니스약국,"서울특별시 중구 명동10길 51 N-02호 (충무로2가, 나인트리호텔 아케이드)",비판텐
웰빙국내선약국,"서울특별시 강서구 하늘길 112 3층 (공항동, 국내선청사)",비판텐
웰빙서울온누리약국,서울특별시 광진구 뚝섬로 499 (자양동),비판텐
웰빙팜건강프라자약국,"서울특별시 송파구 백제고분로 216 (삼전동, 청송빌딩)",비판텐
웰팜약국,"서울특별시 성북구 길음로13길 22 상가동 210호 (길음동, 길음뉴타운7단지두산위브아파트)",비판텐
위드팜수약국,"서울특별시 서초구 사평대로 205 4,5층 BP4-1A호 (반포동, CENTRALCITY반포천 복개주차장)",비판텐
위드팜신촌약국,서울특별시 서대문구 성산로 486 (대신동),비판텐
위드팜천사약국,"서울특별시 강동구 천호대로 1107 101호 (길동, SK허브)",비판텐
위례푸른약국,서울특별시 송파구 위례광장로 193 1층 (장지동),비판텐
윈플러스약국,서울특별시 강남구 남부순환로 2936 원플러스상가 108,비판텐
유니팜서울약국,"서울특별시 강남구 테헤란로 109 1층 (역삼동, 강남제일빌딩)",비판텐
유림당약국,"서울특별시 도봉구 해등로 109 104호 (창동, 주공1단지 종합상가)",비판텐
유림약국,서울특별시 영등포구 양평로 95-1 (양평동4가),비판텐
유명약국,"서울특별시 관악구 난곡로 202 ,1층 유명약국(신림동,성심빌딩)",비판텐
유명약국,서울특별시 양천구 신월로 164 (신월동),비판텐
유명약국,서울특별시 영등포구 도신로60길 2 (신길동),비판텐
유성약국,서울특별시 종로구 동호로 408 (종로5가),비판텐
유정온누리약국,서울특별시 동작구 여의대방로22나길 1 1층 (신대방동),비판텐
유창온누리약국,서울특별시 송파구 송파대로 288 신정빌딩 1층 (가락동),비판텐
유한약국,서울특별시 종로구 종로 230-2 1층,비판텐
윤경약국,서울특별시 동작구 상도로 65 (대방동),비판텐
윤중약국,"서울특별시 영등포구 여의나루로 42 ,115호",비판텐
으뜸약국,서울특별시 송파구 충민로2길 24 리더스프라자 103호 (장지동),비판텐
은성약국,"서울특별시 구로구 신도림로19길 7 (신도림동, 성광빌딩)",비판텐
은약국,서울특별시 금천구 시흥대로 224 금천리메인시티 102호,비판텐
은하약국,서울특별시 서대문구 명지대3길 1 (남가좌동) 은하약국,비판텐
은하온누리약국,"서울특별시 동작구 사당로2가길 102 119호 (사당동, 사당자이아파트 상가)",비판텐
은행나무약국,서울특별시 금천구 금하로 705 2층 (시흥동),비판텐
은혜약국,서울특별시 금천구 시흥대로 242 반석빌딩 1층,비판텐
은혜약국,서울특별시 서초구 신반포로 41 1층 (반포동),비판텐
은혜약국,서울특별시 성북구 종암로 93 1층 (종암동),비판텐
이대행복한 약국,서울특별시 서대문구 이화여대길 33 (대현동),비판텐
이도온누리약국,서울특별시 영등포구 당산로31길 14 1층 (당산동3가),비판텐
이든약국,"서울특별시 금천구 서부샛길 606 125호 (가산동, 대성디폴리스)",비판텐
이레약국,"서울특별시 강동구 올림픽로 787 109호 (암사동, 태성프라자)",비판텐
이레약국,"서울특별시 동대문구 사가정로 122 ,3층 313-1호",비판텐
이문우량아약국,"서울특별시 동대문구 신이문로 27 101호 (이문동, 1층)",비판텐
이손약국,서울특별시 노원구 공릉로32길 56 101호 (공릉동),비판텐
이수사랑약국,"서울특별시 동작구 사당로 300 222호 (사당동, 이수자이)",비판텐
이수약국,"서울특별시 동작구 동작대로29길 24 101호 (사당동, 정현빌딩)",비판텐
이안약국,서울특별시 송파구 중대로10길 5 1층 (가락동),비판텐
이안온누리약국,"서울특별시 중랑구 면목로 305 1층 (면목동, 성일빌딩)",비판텐
이원약국,서울특별시 강북구 삼양로 244 (미아동),비판텐
이즈약국,서울특별시 중랑구 망우로 411 (망우동),비판텐
이층성장약국,"서울특별시 용산구 이촌로 224 210-1, 209, 217호 (이촌동, 한강쇼핑센터)",비판텐
이층엔약국,"서울특별시 강남구 자곡로 201 210호 (자곡동, 강남더샵라르고오피스텔)",비판텐
이펜약국,서울특별시 양천구 신정이펜2로 12 105호 (신정동),비판텐
이화메세나약국,"서울특별시 마포구 양화로 45 B105호 (서교동, 메세나폴리스몰)",비판텐
이화사랑약국,"서울특별시 서대문구 수색로 56 3층 309-1호 (북가좌동, 성공타워1)",비판텐
이화약국,"서울특별시 강동구 천호대로 1037 1층 2호 (천호동, 세우빌딩)",비판텐
이화약국,서울특별시 금천구 독산로85길 7 (독산동),비판텐
이화약국,"서울특별시 노원구 한글비석로 384 319호 (중계동, 대호프라자)",비판텐
이화약국,서울특별시 동작구 양녕로38길 2 (상도1동),비판텐
이화약국,"서울특별시 성북구 길음로 20 1층 116호 (길음동, 길음뉴타운,래미안길음3차아파트 상가)",비판텐
이화약국,"서울특별시 종로구 대학로5길 57, 101, 201호 (연건동)",비판텐
이화약국,"서울특별시 종로구 대학로5길 53 , 101호,102호",비판텐
이화온누리약국,"서울특별시 관악구 난곡로 53 303호 (신림동, 관악산휴먼시아상가동)",비판텐
이화키즈팜약국,"서울특별시 마포구 마포대로 195 4단지상가동 219호 (아현동, 마포래미안푸르지오)",비판텐
이화프라자약국,"서울특별시 성북구 보국문로 50 지하1층 B105호 (정릉동, 청수프라자)",비판텐
인덕약국,"서울특별시 노원구 월계로 370 (월계동, 희성프라자 105호)",비판텐
인동약국,서울특별시 영등포구 영등포로11길 9 (양평동1가),비판텐
인선약국,"서울특별시 강남구 선릉로 755, 진성빌딩 1층 (논현동)",비판텐
인앤아웃약국,서울특별시 종로구 종로 19 421호 (종로1가),비판텐
인왕약국,서울특별시 서대문구 인왕시장길 18 (홍제동),비판텐
인정약국,서울특별시 구로구 서해안로 2296 (오류동),비판텐
인화약국,"서울특별시 동작구 만양로 84 102,103호 (노량진동, 삼익주상복합상가)",비판텐
일등약국,서울특별시 구로구 구로동로 149 (구로동),비판텐
일신당약국,서울특별시 서대문구 신촌로 9 (창천동),비판텐
일신약국,"서울특별시 강서구 강서로 259 103호 (내발산동, 우장산역엠버리움빌딩)",비판텐
일심약국,서울특별시 서대문구 연세로 42 (창천동),비판텐
일원시장약국,서울특별시 강남구 양재대로55길 19 (일원동),비판텐
일이약국,"서울특별시 서초구 서초대로 306 1층 (서초동, 진영빌딩)",비판텐
임마누엘온누리약국,서울특별시 서초구 방배로 244 1층 (방배동),비판텐
임상약국,서울특별시 용산구 이촌로14길 16 (이촌동),비판텐
임약국,서울특별시 강북구 오현로34길 12 (번동),비판텐
임약국,"서울특별시 관악구 신림로 318 , 6층",비판텐
자곡온누리약국,서울특별시 강남구 자곡로 114 109호 (자곡동),비판텐
자성당약국,서울특별시 강서구 방화대로21길 76 (공항동),비판텐
자연약국,"서울특별시 노원구 동일로237길 40 101호 (상계동, 대한빌)",비판텐
자연주의약국,"서울특별시 강서구 화곡로 194-26 (화곡동, 모아빌딩)",비판텐
자연주의약국,서울특별시 중구 다산로 90 1층 (신당동),비판텐
자인당약국,"서울특별시 노원구 노해로 506 112호 (상계동, 주공6단지 바상가)",비판텐
잠실미소약국,"서울특별시 송파구 올림픽로35가길 16 , B1층 (신천동, 홈플러스 잠실점)",비판텐
장수알파약국,서울특별시 서초구 서초중앙로 38 1층 (서초동),비판텐
장안약국,서울특별시 동대문구 답십리로 248 (장안동),비판텐
재성약국,"서울특별시 노원구 노해로 452 107호 (상계동, 노빌리안골드빌딩)",비판텐
정다운약국,서울특별시 강서구 까치산로 120 (화곡동),비판텐
정다운온누리약국,서울특별시 중랑구 사가정로 401 1층 (면목동),비판텐
정도약국,서울특별시 서대문구 북아현로 6 (북아현동),비판텐
정릉약국,서울특별시 성북구 보국문로 45 1층 (정릉동),비판텐
정릉열린약국,서울특별시 성북구 보국문로 40-3 (정릉동),비판텐
정명약국,"서울특별시 영등포구 의사당대로 108 1층 119호 (여의도동, 아일렉스)",비판텐
정문대학약국,서울특별시 광진구 능동로 110 (화양동),비판텐
정문약국,서울특별시 용산구 대사관로 60-1 (한남동),비판텐
정민약국,서울특별시 송파구 마천로 68 1층 3호 (오금동),비판텐
정민약국,"서울특별시 영등포구 선유서로 40 1층 112호 (문래동6가, 베어스타운아파트)",비판텐
정성약국,"서울특별시 동작구 여의대방로 250 2층 201호 (대방동, 대림상가)",비판텐
정성온누리약국,서울특별시 강남구 도곡로 120 1층 (도곡동),비판텐
정성온누리약국,"서울특별시 성동구 왕십리로 410 상가L동 3층 319호 (하왕십리동, 센트라스)",비판텐
정성온누리약국,서울특별시 영등포구 신길로 36 (신길동),비판텐
정약국,서울특별시 구로구 개봉로 57-1 (개봉동),비판텐
정약국,서울특별시 금천구 두산로 81 (독산동),비판텐
정약국,"서울특별시 마포구 마포대로 68 1층 112호 (도화동, 마포아크로타워)",비판텐
정약국,"서울특별시 성북구 종암로24가길 53 210호 (종암동, 종암SK아파트상가 )",비판텐
정원약국,서울특별시 중구 세종대로18길 10 (태평로2가),비판텐
정일약국,"서울특별시 강남구 도곡로 458 102호 (대치동, 정일빌딩)",비판텐
제이비미소약국,"서울특별시 강남구 논현로 841 1층 107호 (신사동, 제이비미소빌딩)",비판텐
제이약국,"서울특별시 서초구 서초대로 323 1층 6호(서초동 , 삼풍프라자)",비판텐
제인약국,"서울특별시 서대문구 통일로 442-3 (홍제동, 1층, 2층)",비판텐
제일약국,서울특별시 강동구 천호대로159길 13 (천호동),비판텐
제일약국,서울특별시 구로구 고척로 148 (고척동),비판텐
제일약국,"서울특별시 송파구 백제고분로 457 다우빌딩 1층, 102호",비판텐
제일약국,서울특별시 양천구 목동중앙남로11길 4 (목동),비판텐
제일약국,서울특별시 용산구 대사관로 60 1층 (한남동),비판텐
제일약국,서울특별시 종로구 삼봉로 74 (청진동),비판텐
제중당건강약국,"서울특별시 동작구 동작대로 89 107,108,S-12,S-13호 (사당동, 골든시네마타워)",비판텐
제중원약국,서울특별시 서대문구 모래내로 352-3 (홍은동),비판텐
조광약국,서울특별시 강서구 방화동로 45 (방화동),비판텐
조달약국,"서울특별시 서초구 반포대로 235 지하1층 (반포동, 효성빌딩)",비판텐
조아약국,서울특별시 강북구 도봉로13길 13 (미아동),비판텐
조아약국,"서울특별시 강서구 수명로 80 102호 (내발산동, 베스트프라자빌딩)",비판텐
조아약국,서울특별시 성북구 화랑로 87 1층 (하월곡동),비판텐
조약국,"서울특별시 동대문구 천호대로 133 지하2층 (용두동, 홈플러스 동대문점)",비판텐
조은백화점약국,서울특별시 은평구 응암로 201 (응암동),비판텐
조은약국,서울특별시 강북구 도봉로 317 (수유동),비판텐
조은약국,"서울특별시 강서구 마곡중앙로 36 상가 107-1호 (마곡동, 마곡엠벨리 15단지)",비판텐
조은약국,서울특별시 노원구 한글비석로 471 4층,비판텐
종근당약국,서울특별시 종로구 종로 230-1 (종로5가),비판텐
종로5가미래약국,서울특별시 종로구 종로 211-1 (종로5가),비판텐
종로광명약국,서울특별시 강동구 구천면로 664 (상일동),비판텐
종로백세약국,서울특별시 종로구 종로 221 1층 (종로5가),비판텐
종로수약국,서울특별시 관악구 보라매로 4 1층 (봉천동),비판텐
종로약국,서울특별시 강서구 방화동로16길 62 (방화동),비판텐
종로약국,서울특별시 종로구 종로 195 (종로4가) 종로약국,비판텐
종로오가약국,서울특별시 종로구 종로 213-1 1층,비판텐
종로온누리약국,"서울특별시 광진구 자양로 115 , 101호 종로온누리약국",비판텐
종로온누리약국,"서울특별시 종로구 종로 293 1층 (창신동, 하나저축은행)",비판텐
종로우리약국,서울특별시 종로구 종로 202 1층 (종로4가),비판텐
종로프라자약국,"서울특별시 구로구 구로중앙로 17 (구로동, 종로프라자)",비판텐
종로프라자약국,서울특별시 노원구 동일로 1353 (상계동),비판텐
종로프라자약국,"서울특별시 도봉구 노해로65길 14-3 , 1층 (창동, 대영빌딩)",비판텐
종로프라자약국,서울특별시 동대문구 사가정로 226 101호~104호 (장안동),비판텐
종로프라자약국,서울특별시 양천구 목동로27길 5 1층 (신정동),비판텐
종로프라자약국,"서울특별시 용산구 한강대로23길 55 (한강로3가, 이마트내)",비판텐
종로프라자약국,서울특별시 종로구 자하문로 63 (옥인동),비판텐
종오약국,서울특별시 종로구 종로 195-1 1층 (종로4가),비판텐
종우약국,"서울특별시 송파구 양재대로 1222 ,1층 67호",비판텐
주평화약국,서울특별시 관악구 인헌6길 5 1층 주평화약국,비판텐
준효약국,서울특별시 노원구 공릉로 138 (공릉동) 1층 준효약국,비판텐
중경당약국,서울특별시 동대문구 장한로 58 1층 (장안동),비판텐
중계상록수약국,"서울특별시 노원구 중계로 218 103호 (중계동, 원광빌딩)",비판텐
중계약국,서울특별시 노원구 중계로14길 29 (중계동),비판텐
중곡열린약국,서울특별시 광진구 능동로51길 44 1층 (중곡동),비판텐
중곡종로약국,서울특별시 광진구 용마산로 46 (중곡동),비판텐
중앙메디칼약국,"서울특별시 금천구 가산디지털1로 186 109-1호 (가산동, JEI플라츠)",비판텐
중앙명성약국,서울특별시 동작구 흑석로 106-7 (흑석동),비판텐
중앙약국,"서울특별시 관악구 난곡로 367 1층 (신림동, 경신빌딩 )",비판텐
중앙약국,서울특별시 광진구 용마산로 53 (중곡동),비판텐
중앙약국,서울특별시 도봉구 도봉로 452 1층 (창동),비판텐
중앙온누리약국,서울특별시 영등포구 여의대방로 417 213호 (여의도동),비판텐
중앙제일약국,서울특별시 양천구 신목로 84 1층 (신정동),비판텐
중앙프라자약국,서울특별시 송파구 마천로57길 4 1층 (마천동),비판텐
중원약국,서울특별시 마포구 월드컵북로 190 1층 (성산동),비판텐
즐거운약국,"서울특별시 구로구 경인로 320 , 1층 101호 (개봉동)",비판텐
즐거운약국,"서울특별시 마포구 큰우물로 53 염리동 106호 (염리동, 마포 네이버타운)",비판텐
증산약국,서울특별시 은평구 증산로3길 6 (증산동),비판텐
지노약국,서울특별시 영등포구 당산로 231 (당산동6가),비판텐
지안약국,"서울특별시 성동구 왕십리광장로 17 4층 OV3-1호(행당동, 왕십리민자역사)",비판텐
지앤미약국,서울특별시 송파구 동남로 215 (가락동),비판텐
지영약국,서울특별시 강북구 삼양로 423 (수유동),비판텐
지하철약국,"서울특별시 송파구 올림픽로 265 (잠실동, 잠실역지하상가 B-13호)",비판텐
지현약국,서울특별시 영등포구 영등포로 399-5 (신길동),비판텐
지혜약국,"서울특별시 노원구 공릉로59길 18 102호 (하계동, 삼성시티빌)",비판텐
지혜온누리약국,"서울특별시 송파구 석촌호수로 58 (잠실동, 동신빌딩 1층)",비판텐
진메디칼약국,서울특별시 송파구 마천로57길 7 1층 (마천동),비판텐
진약국,"서울특별시 노원구 노해로 452 101호, 102호 (상계동, 노빌리안골드)",비판텐
진약국,서울특별시 서대문구 연희로 94 (연희동) 1층 진약국,비판텐
진흥온누리약국,"서울특별시 서초구 서초대로 389 1층 105,106호 (서초동, 진흥상가)",비판텐
차기정약국,서울특별시 구로구 개봉로3길 76 (개봉동),비판텐
참사랑약국,서울특별시 관악구 호암로26길 1 (신림동),비판텐
참사랑이화약국,"서울특별시 마포구 연남로 42 상가B동 117호 (연남동, 코오롱하늘채아파트)",비판텐
참약국,서울특별시 금천구 남부순환로 1390 (독산동),비판텐
참약국,서울특별시 마포구 와우산로 149 1층 (서교동),비판텐
참약사약국,"서울특별시 성북구 종암로 122 1층 (종암동, 시원빌딩)",비판텐
참온누리약국,서울특별시 구로구 오리로 1149 B-10,비판텐
참조은약국,서울특별시 광진구 광나루로 366 (화양동),비판텐
참조은약국,"서울특별시 노원구 상계로3길 10 1층 106호(상계동, 한일빌딩)",비판텐
참조은약국,"서울특별시 마포구 마포대로 92 1층 (도화동, 효성 해링턴 스퀘어)",비판텐
참좋은약국,서울특별시 도봉구 도봉로 496 1층 102호 (창동),비판텐
참플러스약국,서울특별시 송파구 백제고분로 463 웅산빌딩 401호 (방이동),비판텐
창동남대문약국,서울특별시 도봉구 덕릉로 223 (창동),비판텐
채움약국,"서울특별시 중랑구 봉화산로 39 (중화동, HJ빌딩) 1층 103호 채움약국",비판텐
천사약국,"서울특별시 강남구 일원로 95, 신영프라자 108호 (일원동)",비판텐
천사약국,서울특별시 광진구 능동로 409 1층 (중곡동),비판텐
천사약국,서울특별시 마포구 양화로 48 1층 (합정동),비판텐
천사약국,서울특별시 서초구 사평대로 205 4층 (반포동),비판텐
천사약국,서울특별시 송파구 새말로8길 27 1층 (문정동),비판텐
천사약국,서울특별시 은평구 통일로 856 (불광동),비판텐
천우약국,서울특별시 영등포구 영등포로 231-1 1층,비판텐
천지당약국,서울특별시 영등포구 시흥대로 659 1층 (대림동),비판텐
청담별빛약국,"서울특별시 강남구 학동로 443 , 1층 103호 (청담동, 정한빌딩) 청담별빛약국",비판텐
청담수약국,"서울특별시 강남구 학동로 423 102호 (청담동, 청우빌딩)",비판텐
청량리중앙약국,서울특별시 동대문구 왕산로 214 403호 (전농동),비판텐
청심약국,서울특별시 마포구 희우정로 42-9 101호 (합정동),비판텐
청와약국,서울특별시 구로구 디지털로27길 109 (가리봉동),비판텐
청운약국,"서울특별시 관악구 양녕로 30 1층 (봉천동, 청운빌딩)",비판텐
청원약국,서울특별시 강동구 구천면로 192 1층 110호(천호동),비판텐
청호봄약국,서울특별시 송파구 석촌호수로 118 4층 403호 (잠실동),비판텐
초록약국,"서울특별시 노원구 한글비석로 384 (중계동, 대호프라자) 315호",비판텐
초록약국,"서울특별시 송파구 올림픽로 435 신천동, 파크리오 A상가 3층",비판텐
초원약국,"서울특별시 광진구 강변역로4길 10 (구의동, 강변역지너스타워)",비판텐
최국희약국,서울특별시 마포구 독막로 63 1층 (상수동),비판텐
최선약국,서울특별시 동대문구 전농로 36 106호,비판텐
충정로조은약국,서울특별시 중구 중림로2길 6 1층,비판텐
치료의빛선약국,서울특별시 광진구 아차산로 484 1층 치료의빛선약국,비판텐
친절한약국,서울특별시 송파구 올림픽로32길 13 (방이동),비판텐
카톨릭대학약국,서울특별시 동대문구 왕산로 178 1층 (전농동),비판텐
코끼리약국,"서울특별시 금천구 금하로 720 , 2층 201호 (시흥동, 에벤에셀프라자)",비판텐
코끼리약국,"서울특별시 송파구 석촌호수로 78 (잠실동, 1층 30호)",비판텐
코코약국,서울특별시 강동구 아리수로93길 27 3층 (강일동),비판텐
코코약국,"서울특별시 동대문구 답십리로 130 , 301동 1층 상가 코코약국",비판텐
코코약국,서울특별시 마포구 망원로 74-1 1층 (망원동),비판텐
코코약국,서울특별시 중구 을지로 56 1층 (을지로2가),비판텐
코코온누리약국,서울특별시 강남구 강남대로 406 202호 (역삼동),비판텐
크게열린약국,서울특별시 송파구 강동대로 59-3 (풍납동),비판텐
크로바약국,서울특별시 동대문구 망우로 80 1층 (휘경동),비판텐
크리스마스약국,서울특별시 송파구 올림픽로 119 잠실파인애플상가 2층 2A02호 (잠실동),비판텐
큰덕약국,서울특별시 강서구 강서로47가길 16 1층 (내발산동),비판텐
큰사랑약국,서울특별시 강동구 상암로 44,비판텐
큰사랑약국,서울특별시 동작구 상도로47길 99-5,비판텐
큰사랑약국,서울특별시 성북구 동소문로 66 (동소문동3가),비판텐
큰사랑약국,서울특별시 송파구 동남로 211 (가락동),비판텐
큰사랑약국,서울특별시 은평구 응암로 166 (응암동) 큰사랑약국,비판텐
키즈플러스약국,"서울특별시 송파구 올림픽로 240 (잠실동, 웰빌센타동 A-104호)",비판텐
킴스약국,"서울특별시 서초구 잠원로 69 1층 (잠원동, 킴스클럽)",비판텐
타워약국,"서울특별시 구로구 디지털로 288 1층 104호 (구로동, 대륭포스트타워1차)",비판텐
탑메디컬약국,"서울특별시 광진구 자양로 281 (구의동, 1층)",비판텐
태릉다정약국,서울특별시 노원구 동일로 1024 1층 (공릉동),비판텐
태양약국,서울특별시 강동구 양재대로 1637 1층 105호 (명일동),비판텐
태양약국,서울특별시 도봉구 도봉로 479 (쌍문동),비판텐
태영약국,서울특별시 구로구 새말로 89 108호 (구로동),비판텐
태영약국,"서울특별시 구로구 새말로 89 , 108호, 109호",비판텐
태영프라자약국,서울특별시 구로구 경인로59길 8 (신도림동),비판텐
태정온누리약국,"서울특별시 은평구 진관2로 15-46 108,109호 (진관동, 메트로프라자)",비판텐
태평양약국,서울특별시 관악구 남부순환로 1591 1층 (신림동),비판텐
태평양약국,서울특별시 광진구 자양로 48 (자양동),비판텐
태평양약국,"서울특별시 동작구 사당로 227 1층 (사당동, 태평약국)",비판텐
태평양약국,서울특별시 마포구 홍익로 1 (서교동) 1층,비판텐
태평양약국,"서울특별시 서초구 중앙로 582 103호 (우면동, 서초타워)",비판텐
태평양약국,서울특별시 성북구 보국문로16길 31 (정릉동),비판텐
태평양약국,서울특별시 송파구 석촌호수로 100 (잠실동),비판텐
태평양약국,서울특별시 은평구 통일로 863 (갈현동),비판텐
태평양약국,서울특별시 중랑구 망우로 413 (망우동),비판텐
테마프라자약국,"서울특별시 양천구 목동서로 389 101호 (신정동, 테마상가)",비판텐
테헤란건강약국,"서울특별시 강남구 선릉로86길 17 102호 (대치동, 선릉 MT 빌딩)",비판텐
트램온누리약국,"서울특별시 송파구 위례광장로 136 E동 205호 (장지동, 위례아이파크)",비판텐
트리플약국,"서울특별시 강남구 도산대로 108 1층 일부호 (논현동, 렉스타워)",비판텐
튼튼약국,"서울특별시 강남구 광평로 196 202호 (수서동, 제이스프라자)",비판텐
튼튼약국,서울특별시 관악구 신원로 16 (신림동),비판텐
튼튼약국,"서울특별시 서대문구 수색로 100 3-7-1호 (북가좌동, DMC래미안e편한세상 단지내상가 1BL)",비판텐
튼튼약국,서울특별시 성동구 무학로 33 206호 (하왕십리동),비판텐
튼튼약국,"서울특별시 은평구 진흥로 133 (대조동, 동화빌딩) 은혜산부인과 1층 튼튼약국",비판텐
파란문약국,"서울특별시 종로구 송월길 155 ,상가동,1층,4112호(교북동,경희궁자이4단지)",비판텐
파란약국,서울특별시 강동구 양재대로 1325 106호 (성내동),비판텐
파랑새약국,"서울특별시 강남구 일원로 47 1층 (일원동, 대청빌딩)",비판텐
파랑새약국,"서울특별시 종로구 대학로 121 , 1층 2호 (명륜4가)",비판텐
파크약국,서울특별시 서대문구 증가로 145,비판텐
판도라조은약국,"서울특별시 영등포구 영중로 60 1층 (영등포동5가, 유니온빌딩(판도라 내부))",비판텐
팜약국,서울특별시 영등포구 국제금융로2길 7 (여의도동),비판텐
팜엑스약국,"서울특별시 강남구 봉은사로 524 H112호 (삼성동, 코엑스몰)",비판텐
팜코리아약국,서울특별시 송파구 가락로 99 (석촌동),비판텐
팜코리아약국,서울특별시 양천구 등촌로 26 1층 (목동),비판텐
팜코리아약국,서울특별시 중랑구 면목로 352 (면목동),비판텐
팜팜약국,"서울특별시 동작구 여의대방로 250 104호 (대방동, 대림쇼핑)",비판텐
팜플러스약국,"서울특별시 송파구 송파대로28길 43 1층 101-2호 (가락동, 송파KCC웰츠타워 101-2호)",비판텐
팜필리아약국,"서울특별시 중랑구 동일로 932 , 202동 216호 (묵동)",비판텐
펜타약국,"서울특별시 서초구 서초대로78길 48 (서초동, 송림빌딩)",비판텐
편안한약국,"서울특별시 중랑구 사가정로 398, 1층 101호(면목동, JS빌딩)",비판텐
편한M약국,"서울특별시 관악구 신림로 318 1층 101호 (신림동, 청암두산위브센티움)",비판텐
편한대영약국,서울특별시 송파구 강동대로 61-1 1층 (풍납동),비판텐
편한약국,"서울특별시 용산구 이촌로 303 107호 (이촌동, 현대아파트)",비판텐
평강상록수약국,"서울특별시 노원구 동일로 1545, 현대골드씨티 102,103 (상계동)",비판텐
평안약국,"서울특별시 성동구 고산자로6길 40 117호 (행당동, 레몬프라자)",비판텐
포도원온누리약국,서울특별시 광진구 능동로 265 (군자동),비판텐
포인트약국,"서울특별시 강남구 도산대로 118 1층 일부호 (논현동, 논현빌딩)",비판텐
푸르지오약국,서울특별시 동대문구 왕산로 86 푸르지오시티오피스텔동 1층 101호 (용두동),비판텐
푸른소나무약국,"서울특별시 종로구 삼봉로 81 207호 (수송동, 두산위브파빌리온)",비판텐
푸른솔약국,"서울특별시 서초구 서초대로 317 1층 (서초동, 건원빌딩)",비판텐
푸른약국,서울특별시 강동구 구천면로 305 1층 (천호동),비판텐
푸른약국,"서울특별시 구로구 남부순환로 775 106동 103호 (개봉동, 개봉푸르지오)",비판텐
푸른약국,"서울특별시 노원구 한글비석로 264 312호 (중계동, 그랜드프라자)",비판텐
푸른약국,서울특별시 서대문구 거북골로 67 (남가좌동),비판텐
푸른약국,서울특별시 송파구 백제고분로 279,비판텐
풍납라파약국,서울특별시 송파구 바람드리길 32 (풍납동),비판텐
프라임온누리약국,"서울특별시 성북구 월계로40길 7 1층 109호,110호 (장위동, 센트럴타운상가)",비판텐
프라자사랑약국,"서울특별시 광진구 능동로 315 1층 (중곡동, 대남빌딩)",비판텐
프라자약국,서울특별시 마포구 신촌로 238 1층 (아현동),비판텐
프라자약국,서울특별시 송파구 양재대로 1222 (방이동),비판텐
플러스약국,"서울특별시 구로구 경인로 661 (신도림동, 신도림1차푸르지오)",비판텐
플러스약국,"서울특별시 종로구 종로 78 1층 (종로2가, 미려빌딩)",비판텐
플러스엔약국,"서울특별시 서초구 강남대로53길 7 102호 (서초동, 애니타워)",비판텐
필약국,서울특별시 강북구 오현로 193 (번동),비판텐
필약국,서울특별시 관악구 남부순환로 1605,비판텐
필약국,"서울특별시 중구 필동로 14 103호 (필동2가, 대평빌딩)",비판텐
하나로약국,"서울특별시 도봉구 마들로11길 20 1층 (창동, 농협창동유통센타)",비판텐
하나로약국,서울특별시 서초구 청계산로 10 1층 (양재동),비판텐
하나로약국,서울특별시 송파구 마천로 264 흥일빌딩 1층 (거여동),비판텐
하나로온누리약국,서울특별시 관악구 은천로 38 (봉천동),비판텐
하나메디칼약국,"서울특별시 강서구 금낭화로 91-2 105호 (방화동, 대승프라자)",비판텐
하나약국,"서울특별시 동대문구 천호대로 273 (답십리동, 경원빌딩) 1층 02호",비판텐
하나약국,서울특별시 동작구 여의대방로24길 30 (신대방동),비판텐
하나약국,서울특별시 중랑구 면목로 419 1층 (면목동),비판텐
하나온누리약국,"서울특별시 성북구 화랑로 95 (하월곡동, 새서울신용협동조합)",비판텐
하늘약국,"서울특별시 광진구 광나루로 604 , 2층 202호 (구의동, 진넥스 베르디엠)",비판텐
하늘약국,서울특별시 중랑구 망우로 198 (상봉동),비판텐
하비온누리약국,"서울특별시 송파구 송파대로 111 205동 414호 (문정동, 파크하비오)",비판텐
하얀약국,"서울특별시 노원구 동일로197길 21 1층 (공릉동, 우성빌딩)",비판텐
하이약국,"서울특별시 강남구 언주로 859 1층 (신사동, 쉬즈.애비뉴빌딩)",비판텐
한가족약국,서울특별시 송파구 송파대로 423 (석촌동),비판텐
한겨레약국,서울특별시 은평구 연서로 219 (갈현동),비판텐
한결약국,"서울특별시 양천구 오목로 344 (목동, 청학빌딩)",비판텐
한국약국,"서울특별시 용산구 이촌로 303 21동 112호 (이촌동, 현대아파트)",비판텐
한길약국,서울특별시 관악구 남부순환로 1739 (봉천동),비판텐
한라약국,서울특별시 용산구 보광로 124 (이태원동),비판텐
한림약국,서울특별시 강동구 성안로 149 (천호동),비판텐
한마을약국,"서울특별시 구로구 경인로 382 (개봉동, 한마을아파트)",비판텐
한마음국회약국,서울특별시 영등포구 의사당대로 1 국회의원회관동 1층 (여의도동),비판텐
한마음약국,서울특별시 구로구 도림로 67 (구로동),비판텐
한마음약국,"서울특별시 송파구 중대로 24 (문정동, 훼밀리상가 131호)",비판텐
한마음약국,"서울특별시 영등포구 국제금융로2길 37 3층 306-1호 (여의도동, 에스트레뉴)",비판텐
한미약국,서울특별시 서대문구 수색로 30 (남가좌동),비판텐
한빛약국,"서울특별시 강북구 도봉로 52 7층 (미아동, 연이빌딩)",비판텐
한빛평화약국,서울특별시 동작구 시흥대로 664 (신대방동),비판텐
한사랑약국,서울특별시 마포구 망원로 78 1층 (망원동),비판텐
한샘약국,서울특별시 성동구 무학로2길 6 (도선동),비판텐
한성약국,"서울특별시 서초구 신반포로 257 지하1층 (잠원동, 뉴타운)",비판텐
한소망약국,서울특별시 관악구 신림로 198 1층 신림동 경성빌딩,비판텐
한신약국,서울특별시 중랑구 동일로101길 63 (면목동),비판텐
한약국,서울특별시 서초구 강남대로 545-4 1층 (반포동),비판텐
한양약국,서울특별시 성동구 마조로 17 (행당동),비판텐
한얼메디칼약국,서울특별시 관악구 남현길 7 (남현동),비판텐
한영온누리약국,서울특별시 서초구 방배로 36 (방배동),비판텐
한우리약국,서울특별시 마포구 망원로 73 1층 (망원동),비판텐
한우리약국,"서울특별시 영등포구 의사당대로 97 (여의도동,교보증권빌딩 지하1층)",비판텐
한울약국,"서울특별시 중랑구 망우로 353 지하1층 (상봉동, 상봉 프레미어스 엠코)",비판텐
한일약국,서울특별시 중구 서소문로 109 1층,비판텐
한중약국,서울특별시 영등포구 디지털로37길 20 (대림동),비판텐
한티약국,"서울특별시 강남구 선릉로 225 지하1층 133호 (도곡동, 도곡렉슬상가)",비판텐
함춘약국,서울특별시 종로구 대학로 93 (연건동),비판텐
합정동산약국,"서울특별시 마포구 양화로 45 C-17호 (서교동, 홈플러스합정점)",비판텐
해동약국,서울특별시 광진구 용마산로 57 (중곡동),비판텐
해든아침약국,"서울특별시 양천구 목동동로 293 1층 26,27호 (목동)",비판텐
해든튼튼약국,서울특별시 송파구 충민로2길 28 대진플라자2 303호 (장지동),비판텐
해란약국,서울특별시 용산구 청파로47길 53 1층 (청파동3가),비판텐
해오름약국,"서울특별시 송파구 올림픽로35길 124 4층 7호 (신천동, 장미아파트 에이상가)",비판텐
해태보라매약국,"서울특별시 동작구 보라매로3길 29 (신대방동,해태보라매타워상가동 1층 28호)",비판텐
해피홈약국,"서울특별시 송파구 오금로 512 207호 (거여동, 거여역2차쌍용아파트 207호)",비판텐
햇님약국,서울특별시 광진구 천호대로111길 19 (중곡동),비판텐
햇님약국,"서울특별시 성북구 길음로 33 상가A동 지하1층 2호 (길음동, 길음뉴타운)",비판텐
햇빛약국,"서울특별시 마포구 마포대로 68 408-2호 (도화동, 마포아크로타워)",비판텐
햇빛온누리약국,서울특별시 강서구 등촌로 59-1 1층 (화곡동),비판텐
햇살약국,"서울특별시 서대문구 수색로 100 101동 104호 (북가좌동, DMC래미안e편한세상)",비판텐
햇살약국,서울특별시 송파구 위례성대로20길 31 1층 (오금동),비판텐
햇살온누리약국,서울특별시 동작구 상도로 345 (상도동) 1층 햇살온누리약국,비판텐
햇살온누리약국,"서울특별시 강서구 화곡로 142 114호 (화곡동, 메가박스)",비판텐
행복약국,서울특별시 노원구 동일로 985 1층 (공릉동),비판텐
행복약국,서울특별시 송파구 양산로 42 (거여동),비판텐
행복약국,서울특별시 영등포구 양평로 127 (양평동5가),비판텐
행복온누리약국,"서울특별시 강남구 개포로 231 1층 일부호 (개포동, 반석빌딩)",비판텐
행복을여는서래약국,서울특별시 서초구 서래로5길 3 (반포동),비판텐
행복이가득한약국,서울특별시 관악구 남부순환로143길 6 (신림동),비판텐
행복이열리는건강약국,서울특별시 성동구 성수이로 113 (성수동2가),비판텐
행복이열리는약국,서울특별시 성동구 독서당로 299-2 1층 (금호동3가),비판텐
행복한미래약국,서울특별시 강남구 언주로 707 2층 일부호 (논현동),비판텐
행복한약국,서울특별시 금천구 두산로 71 롯데마트금천점 1층 (독산동),비판텐
행복한약국,서울특별시 성북구 보문로34길 59 1층 (동선동1가),비판텐
행복한약국,서울특별시 송파구 송파대로 345 헬리오시티상가 1A동 1층 1045호,비판텐
행복한약국,"서울특별시 영등포구 경인로 775 1동 103층 (문래동3가, 에이스하이테크시티)",비판텐
행복한약국,서울특별시 종로구 자하문로17길 23 (통인동),비판텐
행복한온누리약국,"서울특별시 강서구 수명로 82 102호 (내발산동, 발산로얄타워)",비판텐
